ref_area,ref_area_label,counterpart_area,counterpart_label,indicator,year,value_usd
A2,North American countries,CN,China,IIW_BP6_USD,2009,13308.3296351225
A2,North American countries,CN,China,IIW_BP6_USD,2010,15792.2320096306
A2,North American countries,CN,China,IIW_BP6_USD,2011,19133.8259517953
A2,North American countries,CN,China,IIW_BP6_USD,2012,19285.9372584803
A2,North American countries,CN,China,IIW_BP6_USD,2013,21316.1266844068
A2,North American countries,CN,China,IIW_BP6_USD,2014,24158.4850862339
A2,North American countries,CN,China,IIW_BP6_USD,2015,25270.8602417292
A2,North American countries,CN,China,IIW_BP6_USD,2016,44153.361353436
A2,North American countries,CN,China,IIW_BP6_USD,2017,50251.5539616284
A2,North American countries,CN,China,IIW_BP6_USD,2018,52154.2193183678
A2,North American countries,CN,China,IIW_BP6_USD,2019,59261.8693253097
A2,North American countries,CN,China,IIW_BP6_USD,2020,54012.9547057948
A2,North American countries,CN,China,IIW_BP6_USD,2021,53068.2242933009
A2,North American countries,CN,China,IIW_BP6_USD,2022,50039.0273050661
A2,North American countries,CN,China,IIW_BP6_USD,2023,48527.9277277892
A6,North Atlantic & Caribbean,CN,China,IIW_BP6_USD,2009,2.8314345
A6,North Atlantic & Caribbean,CN,China,IIW_BP6_USD,2010,0.0
A6,North Atlantic & Caribbean,CN,China,IIW_BP6_USD,2011,0.95
A6,North Atlantic & Caribbean,CN,China,IIW_BP6_USD,2012,0.0
A6,North Atlantic & Caribbean,CN,China,IIW_BP6_USD,2013,1.3
A7,South American countries,CN,China,IIW_BP6_USD,2009,306.310775408478
A7,South American countries,CN,China,IIW_BP6_USD,2010,1666.90186349259
A7,South American countries,CN,China,IIW_BP6_USD,2011,3671.23345460153
A7,South American countries,CN,China,IIW_BP6_USD,2012,3622.13380368302
A7,South American countries,CN,China,IIW_BP6_USD,2013,5403.47662123655
A7,South American countries,CN,China,IIW_BP6_USD,2014,4183.20678067575
A7,South American countries,CN,China,IIW_BP6_USD,2015,3946.38482324198
A7,South American countries,CN,China,IIW_BP6_USD,2016,3604.95783300768
A7,South American countries,CN,China,IIW_BP6_USD,2017,3918.59011243682
A7,South American countries,CN,China,IIW_BP6_USD,2018,2789.52298447473
A7,South American countries,CN,China,IIW_BP6_USD,2019,3516.19125578195
A7,South American countries,CN,China,IIW_BP6_USD,2020,3849.14899174562
A7,South American countries,CN,China,IIW_BP6_USD,2021,5019.1817002742
A7,South American countries,CN,China,IIW_BP6_USD,2022,5712.60498676667
A7,South American countries,CN,China,IIW_BP6_USD,2023,7591.51248615229
AL,Albania,CN,China,IIW_BP6_USD,2011,-4.02792546161736
AL,Albania,CN,China,IIW_BP6_USD,2012,-6.14765200674503
AL,Albania,CN,China,IIW_BP6_USD,2013,-1.14770666120165
AL,Albania,CN,China,IIW_BP6_USD,2014,-2.91020836968711
AL,Albania,CN,China,IIW_BP6_USD,2016,6.61924480174642
AL,Albania,CN,China,IIW_BP6_USD,2017,8.93664816875188
AL,Albania,CN,China,IIW_BP6_USD,2018,3.22682664663933
AL,Albania,CN,China,IIW_BP6_USD,2019,1.83962321238907
AL,Albania,CN,China,IIW_BP6_USD,2020,3.09017860163986
AL,Albania,CN,China,IIW_BP6_USD,2021,2.50919270233558
AL,Albania,CN,China,IIW_BP6_USD,2022,4.03192374838916
AL,Albania,CN,China,IIW_BP6_USD,2023,5.06523259853951
AM,Armenia,CN,China,IIW_BP6_USD,2009,3.6567
AM,Armenia,CN,China,IIW_BP6_USD,2010,3.6567
AM,Armenia,CN,China,IIW_BP6_USD,2011,3.6567
AM,Armenia,CN,China,IIW_BP6_USD,2012,3.6567
AM,Armenia,CN,China,IIW_BP6_USD,2013,3.6567
AM,Armenia,CN,China,IIW_BP6_USD,2014,3.18714866202076
AM,Armenia,CN,China,IIW_BP6_USD,2015,3.1293023255814
AM,Armenia,CN,China,IIW_BP6_USD,2016,3.12807372814812
AM,Armenia,CN,China,IIW_BP6_USD,2017,3.12703986779591
AM,Armenia,CN,China,IIW_BP6_USD,2018,3.1293023255814
AM,Armenia,CN,China,IIW_BP6_USD,2019,3.46862622472379
AM,Armenia,CN,China,IIW_BP6_USD,2020,3.11314797451157
AM,Armenia,CN,China,IIW_BP6_USD,2021,3.72953721831133
AM,Armenia,CN,China,IIW_BP6_USD,2022,0.860837970373758
AR,Argentina,CN,China,IIW_BP6_USD,2015,660.90573351
AR,Argentina,CN,China,IIW_BP6_USD,2016,617.64970061
AR,Argentina,CN,China,IIW_BP6_USD,2017,709.380369219733
AR,Argentina,CN,China,IIW_BP6_USD,2018,499.12564049674
AR,Argentina,CN,China,IIW_BP6_USD,2019,772.862110363148
AR,Argentina,CN,China,IIW_BP6_USD,2020,1131.1
AR,Argentina,CN,China,IIW_BP6_USD,2021,1941.3
AR,Argentina,CN,China,IIW_BP6_USD,2022,2281.9
AR,Argentina,CN,China,IIW_BP6_USD,2023,3428.8
AT,Austria,CN,China,IIW_BP6_USD,2012,5.6022700356
AT,Austria,CN,China,IIW_BP6_USD,2013,-23.03097
AT,Austria,CN,China,IIW_BP6_USD,2014,-102.83427
AT,Austria,CN,China,IIW_BP6_USD,2015,-56.28579
AT,Austria,CN,China,IIW_BP6_USD,2016,-187.41898
AT,Austria,CN,China,IIW_BP6_USD,2017,-180.37472
AT,Austria,CN,China,IIW_BP6_USD,2018,-55.876
AT,Austria,CN,China,IIW_BP6_USD,2019,-18.31142
AT,Austria,CN,China,IIW_BP6_USD,2020,184.67855
AT,Austria,CN,China,IIW_BP6_USD,2021,281.90414
AT,Austria,CN,China,IIW_BP6_USD,2022,274.1162
AT,Austria,CN,China,IIW_BP6_USD,2023,145.197
AU,Australia,CN,China,IIW_BP6_USD,2009,8124.12019999998
AU,Australia,CN,China,IIW_BP6_USD,2010,13118.4004
AU,Australia,CN,China,IIW_BP6_USD,2011,14707.9192
AU,Australia,CN,China,IIW_BP6_USD,2012,17219.2345
AU,Australia,CN,China,IIW_BP6_USD,2013,20712.1859999999
AU,Australia,CN,China,IIW_BP6_USD,2014,26134.0326
AU,Australia,CN,China,IIW_BP6_USD,2015,26099.9544000001
AU,Australia,CN,China,IIW_BP6_USD,2016,27998.2548
AU,Australia,CN,China,IIW_BP6_USD,2017,30567.42
AU,Australia,CN,China,IIW_BP6_USD,2018,30022.6146
AU,Australia,CN,China,IIW_BP6_USD,2019,33437.5361999999
AU,Australia,CN,China,IIW_BP6_USD,2020,36412.7454000001
AU,Australia,CN,China,IIW_BP6_USD,2021,35302.6168
AU,Australia,CN,China,IIW_BP6_USD,2022,31718.5175
AU,Australia,CN,China,IIW_BP6_USD,2023,31851.1439999999
AZ,Azerbaijan,CN,China,IIW_BP6_USD,2009,120.196
AZ,Azerbaijan,CN,China,IIW_BP6_USD,2010,136.551
AZ,Azerbaijan,CN,China,IIW_BP6_USD,2011,165.72
AZ,Azerbaijan,CN,China,IIW_BP6_USD,2012,170.398
AZ,Azerbaijan,CN,China,IIW_BP6_USD,2013,176.113
AZ,Azerbaijan,CN,China,IIW_BP6_USD,2014,185.8622
AZ,Azerbaijan,CN,China,IIW_BP6_USD,2015,189.177176307096
AZ,Azerbaijan,CN,China,IIW_BP6_USD,2016,189.246776307096
AZ,Azerbaijan,CN,China,IIW_BP6_USD,2017,175.731
AZ,Azerbaijan,CN,China,IIW_BP6_USD,2018,176.752
AZ,Azerbaijan,CN,China,IIW_BP6_USD,2019,186.83
AZ,Azerbaijan,CN,China,IIW_BP6_USD,2020,194.537
AZ,Azerbaijan,CN,China,IIW_BP6_USD,2021,197.94267408
AZ,Azerbaijan,CN,China,IIW_BP6_USD,2022,208.26365736
AZ,Azerbaijan,CN,China,IIW_BP6_USD,2023,209.954283011765
BA,Bosnia and Herzegovina,CN,China,IIW_BP6_USD,2014,1.3512656203351
BA,Bosnia and Herzegovina,CN,China,IIW_BP6_USD,2015,1.24970478218455
BA,Bosnia and Herzegovina,CN,China,IIW_BP6_USD,2016,1.26204048312993
BA,Bosnia and Herzegovina,CN,China,IIW_BP6_USD,2017,3.82571617785027
BA,Bosnia and Herzegovina,CN,China,IIW_BP6_USD,2018,4.98968417426372
BA,Bosnia and Herzegovina,CN,China,IIW_BP6_USD,2019,5.50004507061164
BA,Bosnia and Herzegovina,CN,China,IIW_BP6_USD,2020,12.9733127782459
BA,Bosnia and Herzegovina,CN,China,IIW_BP6_USD,2021,18.4172587314437
BA,Bosnia and Herzegovina,CN,China,IIW_BP6_USD,2022,54.1151653073968
BA,Bosnia and Herzegovina,CN,China,IIW_BP6_USD,2023,64.6399896439625
BB,Barbados,CN,China,IIW_BP6_USD,2009,2.8314345
BB,Barbados,CN,China,IIW_BP6_USD,2010,0.0
BB,Barbados,CN,China,IIW_BP6_USD,2011,0.95
BB,Barbados,CN,China,IIW_BP6_USD,2012,0.0
BB,Barbados,CN,China,IIW_BP6_USD,2013,1.3
BD,Bangladesh,CN,China,IIW_BP6_USD,2009,20.68
BD,Bangladesh,CN,China,IIW_BP6_USD,2010,64.62
BD,Bangladesh,CN,China,IIW_BP6_USD,2011,74.08
BD,Bangladesh,CN,China,IIW_BP6_USD,2012,141.61
BD,Bangladesh,CN,China,IIW_BP6_USD,2013,147.969646302251
BD,Bangladesh,CN,China,IIW_BP6_USD,2014,168.69
BD,Bangladesh,CN,China,IIW_BP6_USD,2015,192.34
BD,Bangladesh,CN,China,IIW_BP6_USD,2016,241.24
BD,Bangladesh,CN,China,IIW_BP6_USD,2017,304.8
BD,Bangladesh,CN,China,IIW_BP6_USD,2018,1437.75
BD,Bangladesh,CN,China,IIW_BP6_USD,2019,829.7
BD,Bangladesh,CN,China,IIW_BP6_USD,2020,986.45
BD,Bangladesh,CN,China,IIW_BP6_USD,2021,1412.92
BD,Bangladesh,CN,China,IIW_BP6_USD,2022,1337.7
BD,Bangladesh,CN,China,IIW_BP6_USD,2023,1373.989
BE,Belgium,CN,China,IIW_BP6_USD,2009,-887.985840000001
BE,Belgium,CN,China,IIW_BP6_USD,2011,-2712.0144
BE,Belgium,CN,China,IIW_BP6_USD,2012,-359.14068
BE,Belgium,CN,China,IIW_BP6_USD,2013,-1467.3624
BE,Belgium,CN,China,IIW_BP6_USD,2014,-2611.5291
BE,Belgium,CN,China,IIW_BP6_USD,2015,-1754.76666
BE,Belgium,CN,China,IIW_BP6_USD,2016,-924.4457
BE,Belgium,CN,China,IIW_BP6_USD,2017,-539.56507
BE,Belgium,CN,China,IIW_BP6_USD,2018,-1311.712
BE,Belgium,CN,China,IIW_BP6_USD,2019,539.7937
BE,Belgium,CN,China,IIW_BP6_USD,2020,2068.76789
BE,Belgium,CN,China,IIW_BP6_USD,2021,2082.96466
BE,Belgium,CN,China,IIW_BP6_USD,2022,-929.0086
BE,Belgium,CN,China,IIW_BP6_USD,2023,-149.175
BF,Burkina Faso,CN,China,IIW_BP6_USD,2012,0.0
BF,Burkina Faso,CN,China,IIW_BP6_USD,2014,0.451615578460173
BF,Burkina Faso,CN,China,IIW_BP6_USD,2018,0.0
BF,Burkina Faso,CN,China,IIW_BP6_USD,2019,0.0
BF,Burkina Faso,CN,China,IIW_BP6_USD,2020,0.0
BF,Burkina Faso,CN,China,IIW_BP6_USD,2021,0.0
BF,Burkina Faso,CN,China,IIW_BP6_USD,2022,0.0
BF,Burkina Faso,CN,China,IIW_BP6_USD,2023,0.0
BG,Bulgaria,CN,China,IIW_BP6_USD,2009,13.8151422543444
BG,Bulgaria,CN,China,IIW_BP6_USD,2010,19.1092694313221
BG,Bulgaria,CN,China,IIW_BP6_USD,2011,81.8309465618424
BG,Bulgaria,CN,China,IIW_BP6_USD,2012,89.2509783102272
BG,Bulgaria,CN,China,IIW_BP6_USD,2013,132.078928823115
BG,Bulgaria,CN,China,IIW_BP6_USD,2014,118.676946033325
BG,Bulgaria,CN,China,IIW_BP6_USD,2015,138.841405508072
BG,Bulgaria,CN,China,IIW_BP6_USD,2016,112.805173807599
BG,Bulgaria,CN,China,IIW_BP6_USD,2017,129.237184204072
BG,Bulgaria,CN,China,IIW_BP6_USD,2018,127.660695468915
BG,Bulgaria,CN,China,IIW_BP6_USD,2019,148.087306145893
BG,Bulgaria,CN,China,IIW_BP6_USD,2020,154.777589560198
BG,Bulgaria,CN,China,IIW_BP6_USD,2021,138.294052927211
BG,Bulgaria,CN,China,IIW_BP6_USD,2022,155.794295686317
BG,Bulgaria,CN,China,IIW_BP6_USD,2023,172.129943502825
BH,Bahrain,CN,China,IIW_BP6_USD,2014,0.06
BH,Bahrain,CN,China,IIW_BP6_USD,2015,0.24
BH,Bahrain,CN,China,IIW_BP6_USD,2016,8.08
BH,Bahrain,CN,China,IIW_BP6_USD,2017,8.24090008385993
BH,Bahrain,CN,China,IIW_BP6_USD,2018,9.86
BH,Bahrain,CN,China,IIW_BP6_USD,2019,14.89
BH,Bahrain,CN,China,IIW_BP6_USD,2020,22.6503198085106
BH,Bahrain,CN,China,IIW_BP6_USD,2021,17.4966627202009
BH,Bahrain,CN,China,IIW_BP6_USD,2022,6.24024669139094
BH,Bahrain,CN,China,IIW_BP6_USD,2023,14.88
BJ,Benin,CN,China,IIW_BP6_USD,2011,17.7436149468639
BJ,Benin,CN,China,IIW_BP6_USD,2012,20.9889328205965
BJ,Benin,CN,China,IIW_BP6_USD,2013,1.65502848509887
BJ,Benin,CN,China,IIW_BP6_USD,2014,-4.06321210467302
BJ,Benin,CN,China,IIW_BP6_USD,2015,12.646127566746
BJ,Benin,CN,China,IIW_BP6_USD,2016,92.175307090099
BJ,Benin,CN,China,IIW_BP6_USD,2017,13.4562035189807
BJ,Benin,CN,China,IIW_BP6_USD,2018,463.523346347398
BJ,Benin,CN,China,IIW_BP6_USD,2019,321.916095707493
BJ,Benin,CN,China,IIW_BP6_USD,2020,326.659503486319
BJ,Benin,CN,China,IIW_BP6_USD,2021,385.706115537123
BJ,Benin,CN,China,IIW_BP6_USD,2022,674.341250592322
BO,Bolivia,CN,China,IIW_BP6_USD,2009,2.5
BO,Bolivia,CN,China,IIW_BP6_USD,2010,3.1
BO,Bolivia,CN,China,IIW_BP6_USD,2011,2.7
BO,Bolivia,CN,China,IIW_BP6_USD,2012,2.599
BO,Bolivia,CN,China,IIW_BP6_USD,2013,2.96760095
BO,Bolivia,CN,China,IIW_BP6_USD,2014,59.158689950638
BO,Bolivia,CN,China,IIW_BP6_USD,2015,63.336189024224
BO,Bolivia,CN,China,IIW_BP6_USD,2016,61.0898259075207
BO,Bolivia,CN,China,IIW_BP6_USD,2017,81.8944156919046
BO,Bolivia,CN,China,IIW_BP6_USD,2018,117.466658197136
BO,Bolivia,CN,China,IIW_BP6_USD,2019,119.303554923394
BO,Bolivia,CN,China,IIW_BP6_USD,2020,125.206402531615
BO,Bolivia,CN,China,IIW_BP6_USD,2021,113.932500414495
BO,Bolivia,CN,China,IIW_BP6_USD,2022,99.0935102291151
BO,Bolivia,CN,China,IIW_BP6_USD,2023,64.8247887828607
BR,Brazil,CN,China,IIW_BP6_USD,2010,677.891562309394
BR,Brazil,CN,China,IIW_BP6_USD,2011,864.524391716999
BR,Brazil,CN,China,IIW_BP6_USD,2012,1113.42736402824
BR,Brazil,CN,China,IIW_BP6_USD,2013,1193.0038742546
BR,Brazil,CN,China,IIW_BP6_USD,2014,2415.28406529047
BR,Brazil,CN,China,IIW_BP6_USD,2015,1815.9940416252
BR,Brazil,CN,China,IIW_BP6_USD,2016,1792.34168377877
BR,Brazil,CN,China,IIW_BP6_USD,2017,1993.99570942
BR,Brazil,CN,China,IIW_BP6_USD,2018,1787.22121089
BR,Brazil,CN,China,IIW_BP6_USD,2019,2143.92336142
BR,Brazil,CN,China,IIW_BP6_USD,2020,1634.38651520095
BR,Brazil,CN,China,IIW_BP6_USD,2021,1233.2319559988
BR,Brazil,CN,China,IIW_BP6_USD,2022,1193.05859810377
BR,Brazil,CN,China,IIW_BP6_USD,2023,1483.74902636717
BW,Botswana,CN,China,IIW_BP6_USD,2009,62.6404915330436
BW,Botswana,CN,China,IIW_BP6_USD,2010,20.2601999627399
BW,Botswana,CN,China,IIW_BP6_USD,2011,703.521126760563
BW,Botswana,CN,China,IIW_BP6_USD,2013,717.825528596982
BW,Botswana,CN,China,IIW_BP6_USD,2014,0.809282576251235
BW,Botswana,CN,China,IIW_BP6_USD,2016,20.641211051218
BW,Botswana,CN,China,IIW_BP6_USD,2017,3.88107494629322
BW,Botswana,CN,China,IIW_BP6_USD,2018,7.73287122440233
BW,Botswana,CN,China,IIW_BP6_USD,2019,7.81441241267629
BW,Botswana,CN,China,IIW_BP6_USD,2020,0.0
BW,Botswana,CN,China,IIW_BP6_USD,2021,5.73117144122356
BW,Botswana,CN,China,IIW_BP6_USD,2022,6.24496216241597
BW,Botswana,CN,China,IIW_BP6_USD,2023,5.01471629223948
BY,Belarus,CN,China,IIW_BP6_USD,2009,2.7933
BY,Belarus,CN,China,IIW_BP6_USD,2010,18.9263
BY,Belarus,CN,China,IIW_BP6_USD,2011,27.8425
BY,Belarus,CN,China,IIW_BP6_USD,2012,93.0489
BY,Belarus,CN,China,IIW_BP6_USD,2013,118.479
BY,Belarus,CN,China,IIW_BP6_USD,2014,168.6581
BY,Belarus,CN,China,IIW_BP6_USD,2015,195.5476
BY,Belarus,CN,China,IIW_BP6_USD,2016,231.7982
BY,Belarus,CN,China,IIW_BP6_USD,2017,268.2867
BY,Belarus,CN,China,IIW_BP6_USD,2018,367.7559
BY,Belarus,CN,China,IIW_BP6_USD,2019,449.9355
BY,Belarus,CN,China,IIW_BP6_USD,2020,426.7099
BY,Belarus,CN,China,IIW_BP6_USD,2021,437.7746
BY,Belarus,CN,China,IIW_BP6_USD,2022,424.6443
BY,Belarus,CN,China,IIW_BP6_USD,2023,452.1175
CA,Canada,CN,China,IIW_BP6_USD,2009,11627.0218839201
CA,Canada,CN,China,IIW_BP6_USD,2010,12177.7599034788
CA,Canada,CN,China,IIW_BP6_USD,2011,15102.261553589
CA,Canada,CN,China,IIW_BP6_USD,2012,11678.8408181727
CA,Canada,CN,China,IIW_BP6_USD,2013,12920.4117337345
CA,Canada,CN,China,IIW_BP6_USD,2014,13462.0553400569
CA,Canada,CN,China,IIW_BP6_USD,2015,9944.54800578035
CA,Canada,CN,China,IIW_BP6_USD,2016,11335.3690325464
CA,Canada,CN,China,IIW_BP6_USD,2017,12695.8947787963
CA,Canada,CN,China,IIW_BP6_USD,2018,15753.243897075
CA,Canada,CN,China,IIW_BP6_USD,2019,19331.4955203308
CA,Canada,CN,China,IIW_BP6_USD,2020,16241.443683883
CA,Canada,CN,China,IIW_BP6_USD,2021,19992.2269724058
CA,Canada,CN,China,IIW_BP6_USD,2022,18731.1622436227
CA,Canada,CN,China,IIW_BP6_USD,2023,18759.2397043295
CI,Cote d`Ivoire,CN,China,IIW_BP6_USD,2016,8.26386666996465
CI,Cote d`Ivoire,CN,China,IIW_BP6_USD,2017,44.0327869697045
CI,Cote d`Ivoire,CN,China,IIW_BP6_USD,2018,65.1179653393325
CI,Cote d`Ivoire,CN,China,IIW_BP6_USD,2019,96.0981583293419
CI,Cote d`Ivoire,CN,China,IIW_BP6_USD,2020,111.21384901912
CI,Cote d`Ivoire,CN,China,IIW_BP6_USD,2021,141.507675805176
CI,Cote d`Ivoire,CN,China,IIW_BP6_USD,2022,180.012554538433
CL,Chile,CN,China,IIW_BP6_USD,2012,81.148739
CL,Chile,CN,China,IIW_BP6_USD,2013,2.99786048333334
CL,Chile,CN,China,IIW_BP6_USD,2014,25.0282368833333
CL,Chile,CN,China,IIW_BP6_USD,2015,167.713611340625
CL,Chile,CN,China,IIW_BP6_USD,2016,348.469814842131
CL,Chile,CN,China,IIW_BP6_USD,2017,379.030041145873
CL,Chile,CN,China,IIW_BP6_USD,2018,403.887859798652
CL,Chile,CN,China,IIW_BP6_USD,2019,516.561864414967
CL,Chile,CN,China,IIW_BP6_USD,2020,769.914721408351
CL,Chile,CN,China,IIW_BP6_USD,2021,631.775387447429
CL,Chile,CN,China,IIW_BP6_USD,2022,726.590631477763
CL,Chile,CN,China,IIW_BP6_USD,2023,763.767434538869
CR,Costa Rica,CN,China,IIW_BP6_USD,2009,35.6977512023732
CR,Costa Rica,CN,China,IIW_BP6_USD,2010,37.9854061518491
CR,Costa Rica,CN,China,IIW_BP6_USD,2011,40.5556982062837
CR,Costa Rica,CN,China,IIW_BP6_USD,2012,46.22084030767
CR,Costa Rica,CN,China,IIW_BP6_USD,2013,52.9939506723142
CR,Costa Rica,CN,China,IIW_BP6_USD,2014,64.1083078006421
CR,Costa Rica,CN,China,IIW_BP6_USD,2015,78.1359380990658
CR,Costa Rica,CN,China,IIW_BP6_USD,2016,82.060349882866
CR,Costa Rica,CN,China,IIW_BP6_USD,2017,84.2598272645999
CR,Costa Rica,CN,China,IIW_BP6_USD,2018,88.03828757524
CR,Costa Rica,CN,China,IIW_BP6_USD,2019,92.6221731775621
CR,Costa Rica,CN,China,IIW_BP6_USD,2020,95.8545205137782
CR,Costa Rica,CN,China,IIW_BP6_USD,2021,96.9130410783117
CR,Costa Rica,CN,China,IIW_BP6_USD,2022,99.3437989256128
CR,Costa Rica,CN,China,IIW_BP6_USD,2023,102.46910597259
CY,Cyprus,CN,China,IIW_BP6_USD,2012,133.80423620256
CY,Cyprus,CN,China,IIW_BP6_USD,2013,399.405653775291
CY,Cyprus,CN,China,IIW_BP6_USD,2014,514.252399515867
CY,Cyprus,CN,China,IIW_BP6_USD,2015,545.420761653405
CY,Cyprus,CN,China,IIW_BP6_USD,2016,686.170186566077
CY,Cyprus,CN,China,IIW_BP6_USD,2017,1064.43101927179
CY,Cyprus,CN,China,IIW_BP6_USD,2018,1598.18837725155
CY,Cyprus,CN,China,IIW_BP6_USD,2019,1984.89456756596
CY,Cyprus,CN,China,IIW_BP6_USD,2020,2650.38965423789
CY,Cyprus,CN,China,IIW_BP6_USD,2021,2660.44337380787
CY,Cyprus,CN,China,IIW_BP6_USD,2022,2615.6155234119
CZ,Czech Republic,CN,China,IIW_BP6_USD,2009,53.8381968641115
CZ,Czech Republic,CN,China,IIW_BP6_USD,2010,59.3675003999787
CZ,Czech Republic,CN,China,IIW_BP6_USD,2011,-42.2316950852558
CZ,Czech Republic,CN,China,IIW_BP6_USD,2012,-9.33088428234059
CZ,Czech Republic,CN,China,IIW_BP6_USD,2013,-8.56956871418518
CZ,Czech Republic,CN,China,IIW_BP6_USD,2014,-13.3257861084348
CZ,Czech Republic,CN,China,IIW_BP6_USD,2015,268.341846600064
CZ,Czech Republic,CN,China,IIW_BP6_USD,2016,664.9623620266
CZ,Czech Republic,CN,China,IIW_BP6_USD,2017,707.268000563618
CZ,Czech Republic,CN,China,IIW_BP6_USD,2018,687.268227543844
CZ,Czech Republic,CN,China,IIW_BP6_USD,2019,705.450068520401
CZ,Czech Republic,CN,China,IIW_BP6_USD,2020,204.414691167532
CZ,Czech Republic,CN,China,IIW_BP6_USD,2021,543.611498337205
CZ,Czech Republic,CN,China,IIW_BP6_USD,2022,595.600813583304
CZ,Czech Republic,CN,China,IIW_BP6_USD,2023,601.989095459421
DE,Germany,CN,China,IIW_BP6_USD,2009,939.271200000001
DE,Germany,CN,China,IIW_BP6_USD,2010,1148.59752
DE,Germany,CN,China,IIW_BP6_USD,2011,1601.8482
DE,Germany,CN,China,IIW_BP6_USD,2012,2239.15374
DE,Germany,CN,China,IIW_BP6_USD,2013,2462.38305
DE,Germany,CN,China,IIW_BP6_USD,2014,2655.84375
DE,Germany,CN,China,IIW_BP6_USD,2015,3042.9165
DE,Germany,CN,China,IIW_BP6_USD,2016,3930.84431
DE,Germany,CN,China,IIW_BP6_USD,2017,4846.73109
DE,Germany,CN,China,IIW_BP6_USD,2018,3862.772
DE,Germany,CN,China,IIW_BP6_USD,2019,5433.21176
DE,Germany,CN,China,IIW_BP6_USD,2020,6136.7271
DE,Germany,CN,China,IIW_BP6_USD,2021,6853.3626
DE,Germany,CN,China,IIW_BP6_USD,2022,6613.9866
DE,Germany,CN,China,IIW_BP6_USD,2023,7055.425
DK,Denmark,CN,China,IIW_BP6_USD,2009,154.139611953527
DK,Denmark,CN,China,IIW_BP6_USD,2010,302.852154704007
DK,Denmark,CN,China,IIW_BP6_USD,2011,278.473962684489
DK,Denmark,CN,China,IIW_BP6_USD,2012,212.047852131964
DK,Denmark,CN,China,IIW_BP6_USD,2013,106.231640401278
DK,Denmark,CN,China,IIW_BP6_USD,2014,174.633253830823
DK,Denmark,CN,China,IIW_BP6_USD,2015,248.755490483163
DK,Denmark,CN,China,IIW_BP6_USD,2016,310.51497277677
DK,Denmark,CN,China,IIW_BP6_USD,2017,259.194226525122
DK,Denmark,CN,China,IIW_BP6_USD,2018,136.669018621346
DK,Denmark,CN,China,IIW_BP6_USD,2019,160.278014949295
DK,Denmark,CN,China,IIW_BP6_USD,2020,191.660063391442
DK,Denmark,CN,China,IIW_BP6_USD,2021,110.040846186673
DK,Denmark,CN,China,IIW_BP6_USD,2022,80.0321275924385
DK,Denmark,CN,China,IIW_BP6_USD,2023,89.4035316618975
DZ,Algeria,CN,China,IIW_BP6_USD,2018,585.724492039022
DZ,Algeria,CN,China,IIW_BP6_USD,2019,598.805912665304
DZ,Algeria,CN,China,IIW_BP6_USD,2020,598.773478036629
DZ,Algeria,CN,China,IIW_BP6_USD,2021,595.01566967658
DZ,Algeria,CN,China,IIW_BP6_USD,2022,597.260282129062
DZ,Algeria,CN,China,IIW_BP6_USD,2023,608.945493741625
E1,Europe,CN,China,IIW_BP6_USD,2009,9849.96050992282
E1,Europe,CN,China,IIW_BP6_USD,2010,11125.8636790294
E1,Europe,CN,China,IIW_BP6_USD,2011,20809.5792413283
E1,Europe,CN,China,IIW_BP6_USD,2012,19343.483628226
E1,Europe,CN,China,IIW_BP6_USD,2013,17629.6237414287
E1,Europe,CN,China,IIW_BP6_USD,2014,33815.6952838411
E1,Europe,CN,China,IIW_BP6_USD,2015,44900.5656267491
E1,Europe,CN,China,IIW_BP6_USD,2016,54921.2917876647
E1,Europe,CN,China,IIW_BP6_USD,2017,61509.1659322256
E1,Europe,CN,China,IIW_BP6_USD,2018,70226.343044044
E1,Europe,CN,China,IIW_BP6_USD,2019,76252.7751537091
E1,Europe,CN,China,IIW_BP6_USD,2020,77619.8338029855
E1,Europe,CN,China,IIW_BP6_USD,2021,71143.8000651706
E1,Europe,CN,China,IIW_BP6_USD,2022,58892.5870648058
E1,Europe,CN,China,IIW_BP6_USD,2023,63172.0695579625
EE,Estonia,CN,China,IIW_BP6_USD,2009,12.67728
EE,Estonia,CN,China,IIW_BP6_USD,2010,40.7541
EE,Estonia,CN,China,IIW_BP6_USD,2011,-15.00924
EE,Estonia,CN,China,IIW_BP6_USD,2012,22.4298
EE,Estonia,CN,China,IIW_BP6_USD,2013,10.1143194
EE,Estonia,CN,China,IIW_BP6_USD,2014,19.8553914
EE,Estonia,CN,China,IIW_BP6_USD,2015,11.5750584
EE,Estonia,CN,China,IIW_BP6_USD,2016,10.9225842
EE,Estonia,CN,China,IIW_BP6_USD,2017,17.2027592
EE,Estonia,CN,China,IIW_BP6_USD,2018,42.85735
EE,Estonia,CN,China,IIW_BP6_USD,2019,35.5117974
EE,Estonia,CN,China,IIW_BP6_USD,2020,52.1799733
EE,Estonia,CN,China,IIW_BP6_USD,2021,152.7854748
EE,Estonia,CN,China,IIW_BP6_USD,2022,57.260421
EE,Estonia,CN,China,IIW_BP6_USD,2023,61.284405
ES,Spain,CN,China,IIW_BP6_USD,2013,784.7079
ES,Spain,CN,China,IIW_BP6_USD,2014,484.4259
ES,Spain,CN,China,IIW_BP6_USD,2015,506.2455
ES,Spain,CN,China,IIW_BP6_USD,2016,1387.1956
ES,Spain,CN,China,IIW_BP6_USD,2017,2096.3764
ES,Spain,CN,China,IIW_BP6_USD,2018,3567.82
ES,Spain,CN,China,IIW_BP6_USD,2019,1562.6494
ES,Spain,CN,China,IIW_BP6_USD,2020,2418.6141
ES,Spain,CN,China,IIW_BP6_USD,2021,909.4778
ES,Spain,CN,China,IIW_BP6_USD,2022,2853.155
ES,Spain,CN,China,IIW_BP6_USD,2023,3353.675
F4,North Africa,CN,China,IIW_BP6_USD,2009,0.45800944008346
F4,North Africa,CN,China,IIW_BP6_USD,2010,0.0119661597003674
F4,North Africa,CN,China,IIW_BP6_USD,2011,0.128246980366553
F4,North Africa,CN,China,IIW_BP6_USD,2012,0.557301239105947
F4,North Africa,CN,China,IIW_BP6_USD,2013,1.48455328442078
F4,North Africa,CN,China,IIW_BP6_USD,2014,2.47719104230025
F4,North Africa,CN,China,IIW_BP6_USD,2015,0.908567794300251
F4,North Africa,CN,China,IIW_BP6_USD,2016,0.445721077654517
F4,North Africa,CN,China,IIW_BP6_USD,2018,585.724492039022
F4,North Africa,CN,China,IIW_BP6_USD,2019,598.805912665304
F4,North Africa,CN,China,IIW_BP6_USD,2020,598.773478036629
F4,North Africa,CN,China,IIW_BP6_USD,2021,595.01566967658
F4,North Africa,CN,China,IIW_BP6_USD,2022,727.849868652799
F4,North Africa,CN,China,IIW_BP6_USD,2023,778.086999265789
F6,Sub-Saharan Africa,CN,China,IIW_BP6_USD,2009,5610.91681294081
F6,Sub-Saharan Africa,CN,China,IIW_BP6_USD,2010,14111.5563653248
F6,Sub-Saharan Africa,CN,China,IIW_BP6_USD,2011,36000.0245198626
F6,Sub-Saharan Africa,CN,China,IIW_BP6_USD,2012,28149.4451465571
F6,Sub-Saharan Africa,CN,China,IIW_BP6_USD,2013,19799.9777820577
F6,Sub-Saharan Africa,CN,China,IIW_BP6_USD,2014,20503.4290932162
F6,Sub-Saharan Africa,CN,China,IIW_BP6_USD,2015,13567.3188967531
F6,Sub-Saharan Africa,CN,China,IIW_BP6_USD,2016,14260.8660756554
F6,Sub-Saharan Africa,CN,China,IIW_BP6_USD,2017,17764.5682957406
F6,Sub-Saharan Africa,CN,China,IIW_BP6_USD,2018,17570.8798937934
F6,Sub-Saharan Africa,CN,China,IIW_BP6_USD,2019,18392.1417638003
F6,Sub-Saharan Africa,CN,China,IIW_BP6_USD,2020,19741.0483818622
F6,Sub-Saharan Africa,CN,China,IIW_BP6_USD,2021,18688.8205101768
F6,Sub-Saharan Africa,CN,China,IIW_BP6_USD,2022,17427.2316351095
F6,Sub-Saharan Africa,CN,China,IIW_BP6_USD,2023,17585.7790597512
FI,Finland,CN,China,IIW_BP6_USD,2009,-92.3530968309196
FI,Finland,CN,China,IIW_BP6_USD,2010,-47.3785843207229
FI,Finland,CN,China,IIW_BP6_USD,2011,-197.524493800281
FI,Finland,CN,China,IIW_BP6_USD,2012,-15.43698
FI,Finland,CN,China,IIW_BP6_USD,2013,16.5492
FI,Finland,CN,China,IIW_BP6_USD,2014,-43.7076
FI,Finland,CN,China,IIW_BP6_USD,2015,-47.9028
FI,Finland,CN,China,IIW_BP6_USD,2016,-49.5427
FI,Finland,CN,China,IIW_BP6_USD,2017,-87.5489
FI,Finland,CN,China,IIW_BP6_USD,2018,-73.28
FI,Finland,CN,China,IIW_BP6_USD,2019,4141.9758
FI,Finland,CN,China,IIW_BP6_USD,2020,161.9772
FI,Finland,CN,China,IIW_BP6_USD,2021,289.9456
FI,Finland,CN,China,IIW_BP6_USD,2022,190.9214
FI,Finland,CN,China,IIW_BP6_USD,2023,312.715
FJ,Fiji,CN,China,IIW_BP6_USD,2014,83.0608240680183
FJ,Fiji,CN,China,IIW_BP6_USD,2015,94.4904099285446
FJ,Fiji,CN,China,IIW_BP6_USD,2016,108.03324099723
FJ,Fiji,CN,China,IIW_BP6_USD,2017,102.159185066043
FJ,Fiji,CN,China,IIW_BP6_USD,2018,111.448314501821
FJ,Fiji,CN,China,IIW_BP6_USD,2019,111.96083003031
FJ,Fiji,CN,China,IIW_BP6_USD,2020,140.839544919576
FJ,Fiji,CN,China,IIW_BP6_USD,2021,80.7952023421637
FR,France,CN,China,IIW_BP6_USD,2009,488.3634
FR,France,CN,China,IIW_BP6_USD,2010,474.351
FR,France,CN,China,IIW_BP6_USD,2011,2181.981204
FR,France,CN,China,IIW_BP6_USD,2012,713.078631081461
FR,France,CN,China,IIW_BP6_USD,2013,1415.70733697785
FR,France,CN,China,IIW_BP6_USD,2014,1367.46482540152
FR,France,CN,China,IIW_BP6_USD,2015,1587.5582663577
FR,France,CN,China,IIW_BP6_USD,2016,2838.41410730773
FR,France,CN,China,IIW_BP6_USD,2017,3874.30240248681
FR,France,CN,China,IIW_BP6_USD,2018,2893.1402772211
FR,France,CN,China,IIW_BP6_USD,2019,3160.96817853416
FR,France,CN,China,IIW_BP6_USD,2020,3616.8621394366
FR,France,CN,China,IIW_BP6_USD,2021,3344.71489692228
FR,France,CN,China,IIW_BP6_USD,2022,3353.43202873518
FR,France,CN,China,IIW_BP6_USD,2023,3467.66281707752
GB,United Kingdom,CN,China,IIW_BP6_USD,2009,1000.851
GB,United Kingdom,CN,China,IIW_BP6_USD,2010,627.7655
GB,United Kingdom,CN,China,IIW_BP6_USD,2011,1181.2204
GB,United Kingdom,CN,China,IIW_BP6_USD,2012,1761.048
GB,United Kingdom,CN,China,IIW_BP6_USD,2013,1564.46
GB,United Kingdom,CN,China,IIW_BP6_USD,2014,2233.5048
GB,United Kingdom,CN,China,IIW_BP6_USD,2015,3350.5759
GB,United Kingdom,CN,China,IIW_BP6_USD,2016,1874.8248
GB,United Kingdom,CN,China,IIW_BP6_USD,2017,3102.2404
GB,United Kingdom,CN,China,IIW_BP6_USD,2018,4576.72775
GB,United Kingdom,CN,China,IIW_BP6_USD,2019,4302.53985
GB,United Kingdom,CN,China,IIW_BP6_USD,2020,4207.17
GB,United Kingdom,CN,China,IIW_BP6_USD,2021,5765.8728
GB,United Kingdom,CN,China,IIW_BP6_USD,2022,5208.5488
GB,United Kingdom,CN,China,IIW_BP6_USD,2023,5411.31395
GE,Georgia,CN,China,IIW_BP6_USD,2009,42.4530824477
GE,Georgia,CN,China,IIW_BP6_USD,2010,34.5710593477
GE,Georgia,CN,China,IIW_BP6_USD,2011,44.2141559477
GE,Georgia,CN,China,IIW_BP6_USD,2013,170.2144547477
GE,Georgia,CN,China,IIW_BP6_USD,2014,388.1588533477
GE,Georgia,CN,China,IIW_BP6_USD,2015,589.7192008
GE,Georgia,CN,China,IIW_BP6_USD,2016,602.2970149
GE,Georgia,CN,China,IIW_BP6_USD,2017,622.8542436
GE,Georgia,CN,China,IIW_BP6_USD,2018,688.7935012
GE,Georgia,CN,China,IIW_BP6_USD,2019,719.7748708
GE,Georgia,CN,China,IIW_BP6_USD,2020,662.6480253
GE,Georgia,CN,China,IIW_BP6_USD,2021,620.0747757
GE,Georgia,CN,China,IIW_BP6_USD,2022,674.5819774
GE,Georgia,CN,China,IIW_BP6_USD,2023,774.4370367
GH,Ghana,CN,China,IIW_BP6_USD,2009,185.24
GH,Ghana,CN,China,IIW_BP6_USD,2010,-1.656988
GH,Ghana,CN,China,IIW_BP6_USD,2011,-34.7818967173789
GH,Ghana,CN,China,IIW_BP6_USD,2012,107.760512257243
GH,Ghana,CN,China,IIW_BP6_USD,2013,149.581355014804
GH,Ghana,CN,China,IIW_BP6_USD,2014,4.59960979344396
GH,Ghana,CN,China,IIW_BP6_USD,2015,23.3079565412186
GH,Ghana,CN,China,IIW_BP6_USD,2016,435.601206394934
GH,Ghana,CN,China,IIW_BP6_USD,2017,544.540830368911
GH,Ghana,CN,China,IIW_BP6_USD,2018,4.29788317634855
GH,Ghana,CN,China,IIW_BP6_USD,2019,147.841160955599
GH,Ghana,CN,China,IIW_BP6_USD,2020,6.55728863233917
GH,Ghana,CN,China,IIW_BP6_USD,2021,212.298102728892
GH,Ghana,CN,China,IIW_BP6_USD,2022,148.680461147388
GH,Ghana,CN,China,IIW_BP6_USD,2023,292.524177136364
GN,Guinea,CN,China,IIW_BP6_USD,2018,31.5710183805551
GN,Guinea,CN,China,IIW_BP6_USD,2019,77.8904024452471
GN,Guinea,CN,China,IIW_BP6_USD,2020,521.650455625878
GN,Guinea,CN,China,IIW_BP6_USD,2021,289.335410106761
GN,Guinea,CN,China,IIW_BP6_USD,2022,684.863414971669
GN,Guinea,CN,China,IIW_BP6_USD,2023,1149.23
GR,Greece,CN,China,IIW_BP6_USD,2009,8.64360000000001
GR,Greece,CN,China,IIW_BP6_USD,2010,8.0172
GR,Greece,CN,China,IIW_BP6_USD,2011,-0.90573
GR,Greece,CN,China,IIW_BP6_USD,2012,-2.11104
GR,Greece,CN,China,IIW_BP6_USD,2013,329.323887674709
GR,Greece,CN,China,IIW_BP6_USD,2014,13.7250326277
GR,Greece,CN,China,IIW_BP6_USD,2015,6.3766160604
GR,Greece,CN,China,IIW_BP6_USD,2016,10.0918827753
GR,Greece,CN,China,IIW_BP6_USD,2017,128.748736006014
GR,Greece,CN,China,IIW_BP6_USD,2018,255.970135963439
GR,Greece,CN,China,IIW_BP6_USD,2019,400.402173948733
GR,Greece,CN,China,IIW_BP6_USD,2020,745.684128
GR,Greece,CN,China,IIW_BP6_USD,2021,750.0384451728
GR,Greece,CN,China,IIW_BP6_USD,2022,747.195563673022
GR,Greece,CN,China,IIW_BP6_USD,2023,1014.8208186376
GT,Guatemala,CN,China,IIW_BP6_USD,2010,12.8947
GT,Guatemala,CN,China,IIW_BP6_USD,2011,24.3557
GT,Guatemala,CN,China,IIW_BP6_USD,2012,1.0416
GT,Guatemala,CN,China,IIW_BP6_USD,2013,10.2
GT,Guatemala,CN,China,IIW_BP6_USD,2014,22.0806926
GT,Guatemala,CN,China,IIW_BP6_USD,2015,22.9795520734315
GT,Guatemala,CN,China,IIW_BP6_USD,2017,33.8932237058795
GT,Guatemala,CN,China,IIW_BP6_USD,2018,28.394726536
GT,Guatemala,CN,China,IIW_BP6_USD,2019,33.3375427450507
GT,Guatemala,CN,China,IIW_BP6_USD,2020,33.669263090496
GT,Guatemala,CN,China,IIW_BP6_USD,2021,39.121469583634
GT,Guatemala,CN,China,IIW_BP6_USD,2022,41.8080975837445
GT,Guatemala,CN,China,IIW_BP6_USD,2023,49.0743582946679
GW,Guinea-Bissau,CN,China,IIW_BP6_USD,2011,0.0
GW,Guinea-Bissau,CN,China,IIW_BP6_USD,2012,0.0
GW,Guinea-Bissau,CN,China,IIW_BP6_USD,2016,0.0
GW,Guinea-Bissau,CN,China,IIW_BP6_USD,2017,0.0
GW,Guinea-Bissau,CN,China,IIW_BP6_USD,2018,0.0
GW,Guinea-Bissau,CN,China,IIW_BP6_USD,2019,0.0
GW,Guinea-Bissau,CN,China,IIW_BP6_USD,2020,0.0
GW,Guinea-Bissau,CN,China,IIW_BP6_USD,2022,0.0
GW,Guinea-Bissau,CN,China,IIW_BP6_USD,2023,0.0
HK,Hong Kong,CN,China,IIW_BP6_USD,2009,317908.194184772
HK,Hong Kong,CN,China,IIW_BP6_USD,2010,373682.29468133
HK,Hong Kong,CN,China,IIW_BP6_USD,2011,386086.66537892
HK,Hong Kong,CN,China,IIW_BP6_USD,2012,390522.159860654
HK,Hong Kong,CN,China,IIW_BP6_USD,2013,356707.164506352
HK,Hong Kong,CN,China,IIW_BP6_USD,2014,358950.938043969
HK,Hong Kong,CN,China,IIW_BP6_USD,2015,348994.774530675
HK,Hong Kong,CN,China,IIW_BP6_USD,2016,340493.809646634
HK,Hong Kong,CN,China,IIW_BP6_USD,2017,405040.568210903
HK,Hong Kong,CN,China,IIW_BP6_USD,2018,465527.827418943
HK,Hong Kong,CN,China,IIW_BP6_USD,2019,476456.530114293
HK,Hong Kong,CN,China,IIW_BP6_USD,2020,529325.551399458
HK,Hong Kong,CN,China,IIW_BP6_USD,2021,573318.4149782
HK,Hong Kong,CN,China,IIW_BP6_USD,2022,616568.647540984
HK,Hong Kong,CN,China,IIW_BP6_USD,2023,645758.673665344
HN,Honduras,CN,China,IIW_BP6_USD,2014,-0.524254223619579
HN,Honduras,CN,China,IIW_BP6_USD,2015,-0.524254223619579
HN,Honduras,CN,China,IIW_BP6_USD,2016,10.6669710067448
HN,Honduras,CN,China,IIW_BP6_USD,2017,17.7021318615498
HN,Honduras,CN,China,IIW_BP6_USD,2018,-1.87359281845276
HN,Honduras,CN,China,IIW_BP6_USD,2019,3.38208905626446
HN,Honduras,CN,China,IIW_BP6_USD,2020,-10.7175679724391
HN,Honduras,CN,China,IIW_BP6_USD,2021,0.191452533172346
HN,Honduras,CN,China,IIW_BP6_USD,2022,0.231040433975501
HN,Honduras,CN,China,IIW_BP6_USD,2023,0.222571062512108
HR,Croatia,CN,China,IIW_BP6_USD,2009,0.946885362639386
HR,Croatia,CN,China,IIW_BP6_USD,2010,0.931584071630769
HR,Croatia,CN,China,IIW_BP6_USD,2011,0.804759531384414
HR,Croatia,CN,China,IIW_BP6_USD,2012,0.0148637061149853
HR,Croatia,CN,China,IIW_BP6_USD,2013,0.0153575306129203
HR,Croatia,CN,China,IIW_BP6_USD,2014,1.25400130479037
HR,Croatia,CN,China,IIW_BP6_USD,2015,2.98136452368794
HR,Croatia,CN,China,IIW_BP6_USD,2016,1.22256812836747
HR,Croatia,CN,China,IIW_BP6_USD,2017,9.40327170610999
HR,Croatia,CN,China,IIW_BP6_USD,2018,12.1963441903857
HR,Croatia,CN,China,IIW_BP6_USD,2019,78.4724301895928
HR,Croatia,CN,China,IIW_BP6_USD,2020,119.491120568766
HR,Croatia,CN,China,IIW_BP6_USD,2021,119.191007291137
HR,Croatia,CN,China,IIW_BP6_USD,2022,117.63907792474
HR,Croatia,CN,China,IIW_BP6_USD,2023,120.882741109
HU,Hungary,CN,China,IIW_BP6_USD,2009,13.4038336789493
HU,Hungary,CN,China,IIW_BP6_USD,2010,133.483752695902
HU,Hungary,CN,China,IIW_BP6_USD,2011,-36.5931361143427
HU,Hungary,CN,China,IIW_BP6_USD,2012,72.5942606255375
HU,Hungary,CN,China,IIW_BP6_USD,2013,92.6249130616219
HU,Hungary,CN,China,IIW_BP6_USD,2014,86.1364141550573
HU,Hungary,CN,China,IIW_BP6_USD,2015,98.7143006663643
HU,Hungary,CN,China,IIW_BP6_USD,2016,175.766144574211
HU,Hungary,CN,China,IIW_BP6_USD,2017,273.080372459624
HU,Hungary,CN,China,IIW_BP6_USD,2018,80.6285826155051
HU,Hungary,CN,China,IIW_BP6_USD,2019,-31.0539017439099
HU,Hungary,CN,China,IIW_BP6_USD,2020,277.612204062416
HU,Hungary,CN,China,IIW_BP6_USD,2021,947.991182340118
HU,Hungary,CN,China,IIW_BP6_USD,2022,1358.5051479983
HU,Hungary,CN,China,IIW_BP6_USD,2023,1753.71655986607
ID,Indonesia,CN,China,IIW_BP6_USD,2009,3450.04760761042
ID,Indonesia,CN,China,IIW_BP6_USD,2010,3378.97354955408
ID,Indonesia,CN,China,IIW_BP6_USD,2011,5112.16209841583
ID,Indonesia,CN,China,IIW_BP6_USD,2012,4772.26839439526
ID,Indonesia,CN,China,IIW_BP6_USD,2013,2336.94616236314
ID,Indonesia,CN,China,IIW_BP6_USD,2014,4540.45972930265
ID,Indonesia,CN,China,IIW_BP6_USD,2015,4817.2768222295
ID,Indonesia,CN,China,IIW_BP6_USD,2016,4848.03898944843
ID,Indonesia,CN,China,IIW_BP6_USD,2017,5586.26533986983
ID,Indonesia,CN,China,IIW_BP6_USD,2018,6249.36509072123
ID,Indonesia,CN,China,IIW_BP6_USD,2019,7294.76963265638
ID,Indonesia,CN,China,IIW_BP6_USD,2020,8003.32227218615
ID,Indonesia,CN,China,IIW_BP6_USD,2021,13280.8679800609
ID,Indonesia,CN,China,IIW_BP6_USD,2022,17129.3133634468
ID,Indonesia,CN,China,IIW_BP6_USD,2023,19799.5784436662
IE,Ireland,CN,China,IIW_BP6_USD,2009,-157.0254
IE,Ireland,CN,China,IIW_BP6_USD,2010,-1167.8388
IE,Ireland,CN,China,IIW_BP6_USD,2011,-331.2384
IE,Ireland,CN,China,IIW_BP6_USD,2012,-327.2112
IE,Ireland,CN,China,IIW_BP6_USD,2013,-929.5134
IE,Ireland,CN,China,IIW_BP6_USD,2014,-261.0315
IE,Ireland,CN,China,IIW_BP6_USD,2018,7210.77032
IE,Ireland,CN,China,IIW_BP6_USD,2019,8855.8734166
IE,Ireland,CN,China,IIW_BP6_USD,2020,10073.055293
IE,Ireland,CN,China,IIW_BP6_USD,2021,10061.0647508
IE,Ireland,CN,China,IIW_BP6_USD,2022,9825.7613182
IE,Ireland,CN,China,IIW_BP6_USD,2023,10256.06192
IL,Israel,CN,China,IIW_BP6_USD,2010,0.0
IL,Israel,CN,China,IIW_BP6_USD,2011,0.0
IL,Israel,CN,China,IIW_BP6_USD,2012,0.0
IL,Israel,CN,China,IIW_BP6_USD,2015,77.0
IL,Israel,CN,China,IIW_BP6_USD,2016,232.0
IL,Israel,CN,China,IIW_BP6_USD,2017,3575.5
IL,Israel,CN,China,IIW_BP6_USD,2018,4260.406
IN,India,CN,China,IIW_BP6_USD,2010,188.350814550324
IN,India,CN,China,IIW_BP6_USD,2011,222.155463762674
IN,India,CN,China,IIW_BP6_USD,2012,694.61254935895
IN,India,CN,China,IIW_BP6_USD,2013,404.849992729858
IN,India,CN,China,IIW_BP6_USD,2014,371.74233990984
IN,India,CN,China,IIW_BP6_USD,2015,605.026686367337
IN,India,CN,China,IIW_BP6_USD,2016,299.317045031469
IN,India,CN,China,IIW_BP6_USD,2017,501.835678966576
IN,India,CN,China,IIW_BP6_USD,2018,935.203453676122
IN,India,CN,China,IIW_BP6_USD,2019,1162.62592249628
IN,India,CN,China,IIW_BP6_USD,2020,1657.75540151341
IN,India,CN,China,IIW_BP6_USD,2021,1540.80952861613
IN,India,CN,China,IIW_BP6_USD,2022,1501.47005177191
IN,India,CN,China,IIW_BP6_USD,2023,1692.31343032181
IS,Iceland,CN,China,IIW_BP6_USD,2013,6.24957090228472
IS,Iceland,CN,China,IIW_BP6_USD,2014,0.389411297821119
IS,Iceland,CN,China,IIW_BP6_USD,2015,5.58935115702601
IS,Iceland,CN,China,IIW_BP6_USD,2016,15.3829905020298
IS,Iceland,CN,China,IIW_BP6_USD,2017,5.89849875923195
IS,Iceland,CN,China,IIW_BP6_USD,2018,4.54042590422935
IS,Iceland,CN,China,IIW_BP6_USD,2019,2.41779630057803
IS,Iceland,CN,China,IIW_BP6_USD,2020,1.50245785708671
IS,Iceland,CN,China,IIW_BP6_USD,2021,4.18253564057447
IS,Iceland,CN,China,IIW_BP6_USD,2022,1.30345895855534
IS,Iceland,CN,China,IIW_BP6_USD,2023,1.32375070285095
IT,Italy,CN,China,IIW_BP6_USD,2009,461.8040071554
IT,Italy,CN,China,IIW_BP6_USD,2010,426.523343146799
IT,Italy,CN,China,IIW_BP6_USD,2011,598.323545578799
IT,Italy,CN,China,IIW_BP6_USD,2012,795.001125321
IT,Italy,CN,China,IIW_BP6_USD,2013,-243.3290259741
IT,Italy,CN,China,IIW_BP6_USD,2014,75.9438502101
IT,Italy,CN,China,IIW_BP6_USD,2015,107.3782436634
IT,Italy,CN,China,IIW_BP6_USD,2016,32.293481387
IT,Italy,CN,China,IIW_BP6_USD,2017,-372.7412407
IT,Italy,CN,China,IIW_BP6_USD,2018,959.545495
IT,Italy,CN,China,IIW_BP6_USD,2019,1130.9762096
IT,Italy,CN,China,IIW_BP6_USD,2020,978.2760246
IT,Italy,CN,China,IIW_BP6_USD,2021,92.482453
IT,Italy,CN,China,IIW_BP6_USD,2022,348.2278344
IT,Italy,CN,China,IIW_BP6_USD,2023,477.77327
JO,Jordan,CN,China,IIW_BP6_USD,2009,1.4
JP,Japan,CN,China,IIW_BP6_USD,2009,196.610905930915
JP,Japan,CN,China,IIW_BP6_USD,2010,399.214241866176
JP,Japan,CN,China,IIW_BP6_USD,2011,559.186824498199
JP,Japan,CN,China,IIW_BP6_USD,2012,550.259965337955
JP,Japan,CN,China,IIW_BP6_USD,2013,576.106362773029
JP,Japan,CN,China,IIW_BP6_USD,2014,637.881299734748
JP,Japan,CN,China,IIW_BP6_USD,2015,655.942564937759
JP,Japan,CN,China,IIW_BP6_USD,2016,828.579069126712
JP,Japan,CN,China,IIW_BP6_USD,2017,1332.44070804252
JP,Japan,CN,China,IIW_BP6_USD,2018,1681.72215610394
JP,Japan,CN,China,IIW_BP6_USD,2019,2037.48810465543
JP,Japan,CN,China,IIW_BP6_USD,2020,2516.27496178713
JP,Japan,CN,China,IIW_BP6_USD,2021,2559.65430493827
JP,Japan,CN,China,IIW_BP6_USD,2022,2521.39272134188
JP,Japan,CN,China,IIW_BP6_USD,2023,2584.69606935382
KG,Kyrgyzstan,CN,China,IIW_BP6_USD,2009,92.1675
KG,Kyrgyzstan,CN,China,IIW_BP6_USD,2010,135.3543
KG,Kyrgyzstan,CN,China,IIW_BP6_USD,2011,290.8481
KG,Kyrgyzstan,CN,China,IIW_BP6_USD,2012,334.4856
KG,Kyrgyzstan,CN,China,IIW_BP6_USD,2013,697.657
KG,Kyrgyzstan,CN,China,IIW_BP6_USD,2014,747.1262
KG,Kyrgyzstan,CN,China,IIW_BP6_USD,2015,1118.2802
KG,Kyrgyzstan,CN,China,IIW_BP6_USD,2016,1299.4954
KG,Kyrgyzstan,CN,China,IIW_BP6_USD,2017,1393.6814
KG,Kyrgyzstan,CN,China,IIW_BP6_USD,2018,1345.0815
KG,Kyrgyzstan,CN,China,IIW_BP6_USD,2019,1520.6851
KG,Kyrgyzstan,CN,China,IIW_BP6_USD,2020,1037.176
KG,Kyrgyzstan,CN,China,IIW_BP6_USD,2021,774.3288
KG,Kyrgyzstan,CN,China,IIW_BP6_USD,2022,798.1393
KG,Kyrgyzstan,CN,China,IIW_BP6_USD,2023,679.0888
KH,Cambodia,CN,China,IIW_BP6_USD,2009,1113.38845360737
KH,Cambodia,CN,China,IIW_BP6_USD,2010,1665.14781714664
KH,Cambodia,CN,China,IIW_BP6_USD,2011,2245.44119904918
KH,Cambodia,CN,China,IIW_BP6_USD,2012,2929.66898653441
KH,Cambodia,CN,China,IIW_BP6_USD,2013,3597.38319210027
KH,Cambodia,CN,China,IIW_BP6_USD,2014,4208.39805917114
KH,Cambodia,CN,China,IIW_BP6_USD,2015,4823.84192972078
KH,Cambodia,CN,China,IIW_BP6_USD,2016,5428.37991663675
KH,Cambodia,CN,China,IIW_BP6_USD,2017,6062.61453910564
KH,Cambodia,CN,China,IIW_BP6_USD,2018,6786.45177655091
KH,Cambodia,CN,China,IIW_BP6_USD,2019,9731.37249884955
KH,Cambodia,CN,China,IIW_BP6_USD,2020,10838.999216948
KH,Cambodia,CN,China,IIW_BP6_USD,2021,12068.4576533215
KH,Cambodia,CN,China,IIW_BP6_USD,2022,13576.9876495258
KH,Cambodia,CN,China,IIW_BP6_USD,2023,15568.2138010445
KR,"Korea, Republic of",CN,China,IIW_BP6_USD,2009,978.436675928865
KR,"Korea, Republic of",CN,China,IIW_BP6_USD,2010,1078.36015122066
KR,"Korea, Republic of",CN,China,IIW_BP6_USD,2011,1473.56956253757
KR,"Korea, Republic of",CN,China,IIW_BP6_USD,2012,1995.77789506214
KR,"Korea, Republic of",CN,China,IIW_BP6_USD,2013,2432.42015455379
KR,"Korea, Republic of",CN,China,IIW_BP6_USD,2014,2747.13133081941
KR,"Korea, Republic of",CN,China,IIW_BP6_USD,2015,4668.72039641691
KR,"Korea, Republic of",CN,China,IIW_BP6_USD,2016,5575.54643829255
KR,"Korea, Republic of",CN,China,IIW_BP6_USD,2017,5661.07037823546
KR,"Korea, Republic of",CN,China,IIW_BP6_USD,2018,8351.47958743121
KR,"Korea, Republic of",CN,China,IIW_BP6_USD,2019,8684.31466890932
KR,"Korea, Republic of",CN,China,IIW_BP6_USD,2020,8608.59366004732
KR,"Korea, Republic of",CN,China,IIW_BP6_USD,2021,8530.16760193144
KR,"Korea, Republic of",CN,China,IIW_BP6_USD,2022,8837.4841608452
KR,"Korea, Republic of",CN,China,IIW_BP6_USD,2023,9100.06515491352
KW,Kuwait,CN,China,IIW_BP6_USD,2015,55.9111581
KW,Kuwait,CN,China,IIW_BP6_USD,2016,50.3576678098971
KW,Kuwait,CN,China,IIW_BP6_USD,2017,51.9841006955946
KW,Kuwait,CN,China,IIW_BP6_USD,2018,51.7015318728381
KW,Kuwait,CN,China,IIW_BP6_USD,2019,54.522356046857
KW,Kuwait,CN,China,IIW_BP6_USD,2020,55.036231884058
KW,Kuwait,CN,China,IIW_BP6_USD,2021,57.4446280991736
KW,Kuwait,CN,China,IIW_BP6_USD,2022,59.0753144910962
KW,Kuwait,CN,China,IIW_BP6_USD,2023,59.9642218246869
KZ,Kazakhstan,CN,China,IIW_BP6_USD,2009,2129.97262
KZ,Kazakhstan,CN,China,IIW_BP6_USD,2010,2558.91767
KZ,Kazakhstan,CN,China,IIW_BP6_USD,2011,4049.2961051557
KZ,Kazakhstan,CN,China,IIW_BP6_USD,2012,5308.02913409968
KZ,Kazakhstan,CN,China,IIW_BP6_USD,2013,5677.70216541264
KZ,Kazakhstan,CN,China,IIW_BP6_USD,2014,4630.62674
KZ,Kazakhstan,CN,China,IIW_BP6_USD,2015,10042.60637
KZ,Kazakhstan,CN,China,IIW_BP6_USD,2016,9714.82783
KZ,Kazakhstan,CN,China,IIW_BP6_USD,2017,9397.11294
KZ,Kazakhstan,CN,China,IIW_BP6_USD,2018,8268.57522
KZ,Kazakhstan,CN,China,IIW_BP6_USD,2019,7649.40085
KZ,Kazakhstan,CN,China,IIW_BP6_USD,2020,5942.85055
KZ,Kazakhstan,CN,China,IIW_BP6_USD,2021,5459.50557
KZ,Kazakhstan,CN,China,IIW_BP6_USD,2022,5936.62068
KZ,Kazakhstan,CN,China,IIW_BP6_USD,2023,6754.74866
LB,Lebanon,CN,China,IIW_BP6_USD,2011,0.0
LB,Lebanon,CN,China,IIW_BP6_USD,2012,0.0
LB,Lebanon,CN,China,IIW_BP6_USD,2013,0.0
LB,Lebanon,CN,China,IIW_BP6_USD,2014,0.0
LB,Lebanon,CN,China,IIW_BP6_USD,2015,0.0
LB,Lebanon,CN,China,IIW_BP6_USD,2016,0.0
LB,Lebanon,CN,China,IIW_BP6_USD,2017,0.0
LB,Lebanon,CN,China,IIW_BP6_USD,2018,0.0
LB,Lebanon,CN,China,IIW_BP6_USD,2019,0.0
LB,Lebanon,CN,China,IIW_BP6_USD,2020,0.0
LB,Lebanon,CN,China,IIW_BP6_USD,2021,0.0
LB,Lebanon,CN,China,IIW_BP6_USD,2022,0.0
LK,Sri Lanka,CN,China,IIW_BP6_USD,2013,482.7024202858
LK,Sri Lanka,CN,China,IIW_BP6_USD,2014,628.019152157092
LK,Sri Lanka,CN,China,IIW_BP6_USD,2015,788.951463979747
LK,Sri Lanka,CN,China,IIW_BP6_USD,2016,756.82897839852
LK,Sri Lanka,CN,China,IIW_BP6_USD,2017,1156.72460758672
LK,Sri Lanka,CN,China,IIW_BP6_USD,2018,2127.96608140324
LK,Sri Lanka,CN,China,IIW_BP6_USD,2019,2185.66949568338
LK,Sri Lanka,CN,China,IIW_BP6_USD,2020,2188.10713918955
LK,Sri Lanka,CN,China,IIW_BP6_USD,2021,2250.35542352425
LK,Sri Lanka,CN,China,IIW_BP6_USD,2022,2214.29255959863
LK,Sri Lanka,CN,China,IIW_BP6_USD,2023,2229.73493520403
LT,Lithuania,CN,China,IIW_BP6_USD,2009,0.91052719108598
LT,Lithuania,CN,China,IIW_BP6_USD,2010,0.98854362236101
LT,Lithuania,CN,China,IIW_BP6_USD,2011,0.805424439949052
LT,Lithuania,CN,China,IIW_BP6_USD,2012,0.90176515732924
LT,Lithuania,CN,China,IIW_BP6_USD,2013,0.888517013307833
LT,Lithuania,CN,China,IIW_BP6_USD,2014,0.52841089230986
LT,Lithuania,CN,China,IIW_BP6_USD,2015,2.155626
LT,Lithuania,CN,China,IIW_BP6_USD,2016,4.595876
LT,Lithuania,CN,China,IIW_BP6_USD,2017,9.138666
LT,Lithuania,CN,China,IIW_BP6_USD,2018,6.5265
LT,Lithuania,CN,China,IIW_BP6_USD,2019,9.43656
LT,Lithuania,CN,China,IIW_BP6_USD,2020,7.436226
LT,Lithuania,CN,China,IIW_BP6_USD,2021,29.877988
LT,Lithuania,CN,China,IIW_BP6_USD,2022,27.240964
LT,Lithuania,CN,China,IIW_BP6_USD,2023,43.6917
LU,Luxembourg,CN,China,IIW_BP6_USD,2009,3155.6343
LU,Luxembourg,CN,China,IIW_BP6_USD,2010,3192.58266
LU,Luxembourg,CN,China,IIW_BP6_USD,2011,14507.46558
LU,Luxembourg,CN,China,IIW_BP6_USD,2012,2116.4975410914
LU,Luxembourg,CN,China,IIW_BP6_USD,2013,2541.2502333339
LU,Luxembourg,CN,China,IIW_BP6_USD,2014,2862.7800119406
LU,Luxembourg,CN,China,IIW_BP6_USD,2015,5796.3066782676
LU,Luxembourg,CN,China,IIW_BP6_USD,2016,8264.9754593226
LU,Luxembourg,CN,China,IIW_BP6_USD,2017,5762.888257056
LU,Luxembourg,CN,China,IIW_BP6_USD,2018,10463.862723865
LU,Luxembourg,CN,China,IIW_BP6_USD,2019,11636.5986333994
LU,Luxembourg,CN,China,IIW_BP6_USD,2020,13289.0446839234
LU,Luxembourg,CN,China,IIW_BP6_USD,2021,11248.039772515
LU,Luxembourg,CN,China,IIW_BP6_USD,2022,4583.328500064
LU,Luxembourg,CN,China,IIW_BP6_USD,2023,5593.2419933
LV,Latvia,CN,China,IIW_BP6_USD,2009,0.0
LV,Latvia,CN,China,IIW_BP6_USD,2010,1.3362
LV,Latvia,CN,China,IIW_BP6_USD,2011,0.0
LV,Latvia,CN,China,IIW_BP6_USD,2012,0.0
LV,Latvia,CN,China,IIW_BP6_USD,2013,4.1373
LV,Latvia,CN,China,IIW_BP6_USD,2014,72.846
LV,Latvia,CN,China,IIW_BP6_USD,2015,69.6768
LV,Latvia,CN,China,IIW_BP6_USD,2016,69.5706
LV,Latvia,CN,China,IIW_BP6_USD,2017,74.3566
LV,Latvia,CN,China,IIW_BP6_USD,2018,43.51
LV,Latvia,CN,China,IIW_BP6_USD,2019,30.3318
LV,Latvia,CN,China,IIW_BP6_USD,2020,26.9962
LV,Latvia,CN,China,IIW_BP6_USD,2021,117.7904
LV,Latvia,CN,China,IIW_BP6_USD,2022,82.1282
LV,Latvia,CN,China,IIW_BP6_USD,2023,90.61
MA,Morocco,CN,China,IIW_BP6_USD,2009,0.45800944008346
MA,Morocco,CN,China,IIW_BP6_USD,2010,0.0119661597003674
MA,Morocco,CN,China,IIW_BP6_USD,2011,0.128246980366553
MA,Morocco,CN,China,IIW_BP6_USD,2012,0.557301239105947
MA,Morocco,CN,China,IIW_BP6_USD,2013,1.48455328442078
MA,Morocco,CN,China,IIW_BP6_USD,2014,2.47719104230025
MA,Morocco,CN,China,IIW_BP6_USD,2015,0.908567794300251
MA,Morocco,CN,China,IIW_BP6_USD,2016,0.445721077654517
MA,Morocco,CN,China,IIW_BP6_USD,2022,130.589586523737
MA,Morocco,CN,China,IIW_BP6_USD,2023,169.141505524164
MD,"Moldova, Republic of",CN,China,IIW_BP6_USD,2009,-1.53150027242018
MD,"Moldova, Republic of",CN,China,IIW_BP6_USD,2010,-1.42428449913806
MD,"Moldova, Republic of",CN,China,IIW_BP6_USD,2011,1.73127148677522
MD,"Moldova, Republic of",CN,China,IIW_BP6_USD,2012,1.90869445380855
MD,"Moldova, Republic of",CN,China,IIW_BP6_USD,2013,1.82042667619753
MD,"Moldova, Republic of",CN,China,IIW_BP6_USD,2014,1.36966394160795
MD,"Moldova, Republic of",CN,China,IIW_BP6_USD,2015,1.20563793816453
MD,"Moldova, Republic of",CN,China,IIW_BP6_USD,2016,1.17571915955913
MD,"Moldova, Republic of",CN,China,IIW_BP6_USD,2017,1.4938836322902
MD,"Moldova, Republic of",CN,China,IIW_BP6_USD,2018,1.37993093648112
MD,"Moldova, Republic of",CN,China,IIW_BP6_USD,2019,2.83888572199657
MD,"Moldova, Republic of",CN,China,IIW_BP6_USD,2020,2.39201710784645
MD,"Moldova, Republic of",CN,China,IIW_BP6_USD,2021,2.10003133564141
MD,"Moldova, Republic of",CN,China,IIW_BP6_USD,2022,1.5724202
MD,"Moldova, Republic of",CN,China,IIW_BP6_USD,2023,1.28796924
ME,Montenegro,CN,China,IIW_BP6_USD,2010,2.46898337547761
ME,Montenegro,CN,China,IIW_BP6_USD,2011,5.34004697959474
ME,Montenegro,CN,China,IIW_BP6_USD,2012,2.57779240669629
ME,Montenegro,CN,China,IIW_BP6_USD,2013,1.97841133496563
ME,Montenegro,CN,China,IIW_BP6_USD,2014,2.25410112525073
ME,Montenegro,CN,China,IIW_BP6_USD,2015,4.72177090338161
ME,Montenegro,CN,China,IIW_BP6_USD,2017,53.579599994137
ME,Montenegro,CN,China,IIW_BP6_USD,2018,57.7483080535421
ME,Montenegro,CN,China,IIW_BP6_USD,2019,58.3848139118778
ME,Montenegro,CN,China,IIW_BP6_USD,2020,66.2349345087574
ME,Montenegro,CN,China,IIW_BP6_USD,2021,62.8942607182587
ME,Montenegro,CN,China,IIW_BP6_USD,2022,46.2628156379983
ME,Montenegro,CN,China,IIW_BP6_USD,2023,58.1083591357833
MG,Madagascar,CN,China,IIW_BP6_USD,2014,6.43794051056521
MG,Madagascar,CN,China,IIW_BP6_USD,2015,9.19062821977926
MG,Madagascar,CN,China,IIW_BP6_USD,2016,55.1165436417618
MG,Madagascar,CN,China,IIW_BP6_USD,2017,66.6769375312288
MG,Madagascar,CN,China,IIW_BP6_USD,2018,66.912903538372
MK,"North Macedonia, Republic of ",CN,China,IIW_BP6_USD,2009,1.366048200888
MK,"North Macedonia, Republic of ",CN,China,IIW_BP6_USD,2010,1.343484655074
MK,"North Macedonia, Republic of ",CN,China,IIW_BP6_USD,2011,1.695779155158
MK,"North Macedonia, Republic of ",CN,China,IIW_BP6_USD,2012,1.77877448265799
MK,"North Macedonia, Republic of ",CN,China,IIW_BP6_USD,2013,1.42358109971338
MK,"North Macedonia, Republic of ",CN,China,IIW_BP6_USD,2014,-3.81639670572226
MK,"North Macedonia, Republic of ",CN,China,IIW_BP6_USD,2015,11.1657623941565
MK,"North Macedonia, Republic of ",CN,China,IIW_BP6_USD,2016,38.7349195283881
MK,"North Macedonia, Republic of ",CN,China,IIW_BP6_USD,2017,132.0186513708
MK,"North Macedonia, Republic of ",CN,China,IIW_BP6_USD,2018,151.880764191348
MK,"North Macedonia, Republic of ",CN,China,IIW_BP6_USD,2019,177.041387214686
MK,"North Macedonia, Republic of ",CN,China,IIW_BP6_USD,2020,160.09926
MK,"North Macedonia, Republic of ",CN,China,IIW_BP6_USD,2021,141.92817
MK,"North Macedonia, Republic of ",CN,China,IIW_BP6_USD,2022,146.067
MK,"North Macedonia, Republic of ",CN,China,IIW_BP6_USD,2023,106.965899
ML,Mali,CN,China,IIW_BP6_USD,2011,10.6509152886546
ML,Mali,CN,China,IIW_BP6_USD,2012,23.3239351359921
ML,Mali,CN,China,IIW_BP6_USD,2013,24.3338804525297
ML,Mali,CN,China,IIW_BP6_USD,2014,8.31305823400009
ML,Mali,CN,China,IIW_BP6_USD,2015,7.84844823669844
ML,Mali,CN,China,IIW_BP6_USD,2016,7.5990165209
ML,Mali,CN,China,IIW_BP6_USD,2017,0.0
ML,Mali,CN,China,IIW_BP6_USD,2018,0.0
ML,Mali,CN,China,IIW_BP6_USD,2019,0.0
MM,Myanmar,CN,China,IIW_BP6_USD,2015,7982.19024580579
MM,Myanmar,CN,China,IIW_BP6_USD,2016,3781.58951177691
MM,Myanmar,CN,China,IIW_BP6_USD,2017,4335.96060721691
MM,Myanmar,CN,China,IIW_BP6_USD,2018,6928.75891978968
MM,Myanmar,CN,China,IIW_BP6_USD,2019,7118.59097336719
MN,Mongolia,CN,China,IIW_BP6_USD,2009,26.2091780036619
MN,Mongolia,CN,China,IIW_BP6_USD,2010,2446.60213528171
MN,Mongolia,CN,China,IIW_BP6_USD,2011,2898.07461181989
MN,Mongolia,CN,China,IIW_BP6_USD,2012,3239.21909318621
MN,Mongolia,CN,China,IIW_BP6_USD,2013,3587.86337367829
MN,Mongolia,CN,China,IIW_BP6_USD,2014,4001.02246434686
MN,Mongolia,CN,China,IIW_BP6_USD,2015,4393.82792560331
MN,Mongolia,CN,China,IIW_BP6_USD,2016,4377.66229828696
MN,Mongolia,CN,China,IIW_BP6_USD,2017,4606.9600989735
MN,Mongolia,CN,China,IIW_BP6_USD,2018,4916.61995029052
MN,Mongolia,CN,China,IIW_BP6_USD,2019,5069.02620123566
MN,Mongolia,CN,China,IIW_BP6_USD,2020,5237.71730612532
MN,Mongolia,CN,China,IIW_BP6_USD,2021,5185.21321325151
MN,Mongolia,CN,China,IIW_BP6_USD,2022,5326.53487374759
MN,Mongolia,CN,China,IIW_BP6_USD,2023,5338.80037809455
MO,Macao,CN,China,IIW_BP6_USD,2009,1281.02472633266
MO,Macao,CN,China,IIW_BP6_USD,2010,1702.88428229247
MO,Macao,CN,China,IIW_BP6_USD,2011,2024.53007495596
MO,Macao,CN,China,IIW_BP6_USD,2012,2312.7928620992
MO,Macao,CN,China,IIW_BP6_USD,2013,2665.34589647919
MO,Macao,CN,China,IIW_BP6_USD,2014,3293.52276912102
MO,Macao,CN,China,IIW_BP6_USD,2015,4326.79377307914
MO,Macao,CN,China,IIW_BP6_USD,2016,4891.34685992213
MO,Macao,CN,China,IIW_BP6_USD,2017,5827.02529968454
MO,Macao,CN,China,IIW_BP6_USD,2018,6342.74026343846
MO,Macao,CN,China,IIW_BP6_USD,2019,7379.94062855291
MO,Macao,CN,China,IIW_BP6_USD,2020,7367.26194660121
MO,Macao,CN,China,IIW_BP6_USD,2021,8408.31370335786
MO,Macao,CN,China,IIW_BP6_USD,2022,10524.7429483987
MO,Macao,CN,China,IIW_BP6_USD,2023,9730.58576134754
MT,Malta,CN,China,IIW_BP6_USD,2009,3.6015
MT,Malta,CN,China,IIW_BP6_USD,2010,6.5981556
MT,Malta,CN,China,IIW_BP6_USD,2011,11.81149554
MT,Malta,CN,China,IIW_BP6_USD,2012,14.57224524
MU,Mauritius,CN,China,IIW_BP6_USD,2009,48.7
MU,Mauritius,CN,China,IIW_BP6_USD,2010,52.3
MU,Mauritius,CN,China,IIW_BP6_USD,2011,16238.0
MU,Mauritius,CN,China,IIW_BP6_USD,2012,7913.48
MU,Mauritius,CN,China,IIW_BP6_USD,2013,6752.86
MU,Mauritius,CN,China,IIW_BP6_USD,2014,2198.74372797939
MU,Mauritius,CN,China,IIW_BP6_USD,2015,1957.57810050384
MU,Mauritius,CN,China,IIW_BP6_USD,2016,1856.87734036683
MU,Mauritius,CN,China,IIW_BP6_USD,2017,1843.55310009432
MU,Mauritius,CN,China,IIW_BP6_USD,2018,2705.74817100371
MU,Mauritius,CN,China,IIW_BP6_USD,2019,2514.9416827779
MU,Mauritius,CN,China,IIW_BP6_USD,2020,2930.40784094879
MU,Mauritius,CN,China,IIW_BP6_USD,2021,1577.0343008887
MU,Mauritius,CN,China,IIW_BP6_USD,2022,1549.33957312734
MU,Mauritius,CN,China,IIW_BP6_USD,2023,2014.01795094284
MX,Mexico,CN,China,IIW_BP6_USD,2010,223.262
MX,Mexico,CN,China,IIW_BP6_USD,2011,349.053
MX,Mexico,CN,China,IIW_BP6_USD,2012,457.634
MX,Mexico,CN,China,IIW_BP6_USD,2013,423.821
MX,Mexico,CN,China,IIW_BP6_USD,2014,539.765
MX,Mexico,CN,China,IIW_BP6_USD,2015,511.721
MX,Mexico,CN,China,IIW_BP6_USD,2016,621.065
MX,Mexico,CN,China,IIW_BP6_USD,2017,699.204
MX,Mexico,CN,China,IIW_BP6_USD,2018,849.416
MX,Mexico,CN,China,IIW_BP6_USD,2019,1009.032
MX,Mexico,CN,China,IIW_BP6_USD,2020,897.868
MX,Mexico,CN,China,IIW_BP6_USD,2021,1084.901
MX,Mexico,CN,China,IIW_BP6_USD,2022,1242.913
MX,Mexico,CN,China,IIW_BP6_USD,2023,1559.698
MY,Malaysia,CN,China,IIW_BP6_USD,2009,199.913171564832
MY,Malaysia,CN,China,IIW_BP6_USD,2010,325.312939219426
MY,Malaysia,CN,China,IIW_BP6_USD,2011,368.351166107803
MY,Malaysia,CN,China,IIW_BP6_USD,2012,246.004051039727
MY,Malaysia,CN,China,IIW_BP6_USD,2013,329.154498171568
MY,Malaysia,CN,China,IIW_BP6_USD,2014,611.330979945637
MY,Malaysia,CN,China,IIW_BP6_USD,2015,583.862370486952
MY,Malaysia,CN,China,IIW_BP6_USD,2016,2105.56064273713
MY,Malaysia,CN,China,IIW_BP6_USD,2017,4394.94293186608
MY,Malaysia,CN,China,IIW_BP6_USD,2018,4251.59799954815
MY,Malaysia,CN,China,IIW_BP6_USD,2019,5529.9443680391
MY,Malaysia,CN,China,IIW_BP6_USD,2020,5616.1945427087
MY,Malaysia,CN,China,IIW_BP6_USD,2021,6099.47786056753
MY,Malaysia,CN,China,IIW_BP6_USD,2022,6684.9723535554
MY,Malaysia,CN,China,IIW_BP6_USD,2023,7635.05411742786
MZ,Mozambique,CN,China,IIW_BP6_USD,2010,1.53863215162676
MZ,Mozambique,CN,China,IIW_BP6_USD,2011,7.73098780922859
MZ,Mozambique,CN,China,IIW_BP6_USD,2012,0.0
MZ,Mozambique,CN,China,IIW_BP6_USD,2013,0.0
MZ,Mozambique,CN,China,IIW_BP6_USD,2014,43.7406899992145
MZ,Mozambique,CN,China,IIW_BP6_USD,2015,70.3326991488918
MZ,Mozambique,CN,China,IIW_BP6_USD,2016,122.768205669041
MZ,Mozambique,CN,China,IIW_BP6_USD,2017,197.827454359606
MZ,Mozambique,CN,China,IIW_BP6_USD,2018,204.022151925873
MZ,Mozambique,CN,China,IIW_BP6_USD,2019,685.891707476329
MZ,Mozambique,CN,China,IIW_BP6_USD,2020,922.083796597875
MZ,Mozambique,CN,China,IIW_BP6_USD,2021,1052.89949044788
MZ,Mozambique,CN,China,IIW_BP6_USD,2022,143.932382087676
MZ,Mozambique,CN,China,IIW_BP6_USD,2023,151.915530319575
NE,Niger,CN,China,IIW_BP6_USD,2012,430.735905554785
NE,Niger,CN,China,IIW_BP6_USD,2013,498.703476599838
NE,Niger,CN,China,IIW_BP6_USD,2014,647.824464671573
NE,Niger,CN,China,IIW_BP6_USD,2015,1737.71063728263
NE,Niger,CN,China,IIW_BP6_USD,2016,1797.94003600846
NE,Niger,CN,China,IIW_BP6_USD,2017,2492.96842604012
NE,Niger,CN,China,IIW_BP6_USD,2018,2554.6498871115
NE,Niger,CN,China,IIW_BP6_USD,2019,2677.71859118814
NE,Niger,CN,China,IIW_BP6_USD,2020,5221.11681687977
NE,Niger,CN,China,IIW_BP6_USD,2021,5484.69624517455
NE,Niger,CN,China,IIW_BP6_USD,2022,5165.08653991098
NE,Niger,CN,China,IIW_BP6_USD,2023,6091.62918388093
NG,Nigeria,CN,China,IIW_BP6_USD,2009,-177.408216288408
NG,Nigeria,CN,China,IIW_BP6_USD,2010,7684.90657360945
NG,Nigeria,CN,China,IIW_BP6_USD,2011,13560.9954143232
NG,Nigeria,CN,China,IIW_BP6_USD,2012,13367.1930396296
NG,Nigeria,CN,China,IIW_BP6_USD,2013,4504.94675910441
NG,Nigeria,CN,China,IIW_BP6_USD,2014,9885.41239045103
NG,Nigeria,CN,China,IIW_BP6_USD,2015,3519.89292630142
NG,Nigeria,CN,China,IIW_BP6_USD,2016,2105.97704676518
NG,Nigeria,CN,China,IIW_BP6_USD,2017,1405.4148679232
NG,Nigeria,CN,China,IIW_BP6_USD,2018,833.269272460505
NG,Nigeria,CN,China,IIW_BP6_USD,2019,532.965568587492
NG,Nigeria,CN,China,IIW_BP6_USD,2020,387.194636499081
NG,Nigeria,CN,China,IIW_BP6_USD,2021,332.955386221034
NG,Nigeria,CN,China,IIW_BP6_USD,2022,297.245083472972
NL,Netherlands,CN,China,IIW_BP6_USD,2009,1471.4562114
NL,Netherlands,CN,China,IIW_BP6_USD,2010,1657.9382532
NL,Netherlands,CN,China,IIW_BP6_USD,2011,1780.1851431
NL,Netherlands,CN,China,IIW_BP6_USD,2012,3836.55132
NL,Netherlands,CN,China,IIW_BP6_USD,2014,17347.0608
NL,Netherlands,CN,China,IIW_BP6_USD,2015,21457.1883
NL,Netherlands,CN,China,IIW_BP6_USD,2016,22347.9741
NL,Netherlands,CN,China,IIW_BP6_USD,2017,30339.8914
NL,Netherlands,CN,China,IIW_BP6_USD,2018,26195.31
NL,Netherlands,CN,China,IIW_BP6_USD,2019,21024.431
NL,Netherlands,CN,China,IIW_BP6_USD,2020,20924.5092
NL,Netherlands,CN,China,IIW_BP6_USD,2021,13575.3436
NL,Netherlands,CN,China,IIW_BP6_USD,2022,11840.3266
NL,Netherlands,CN,China,IIW_BP6_USD,2023,14696.5
NO,Norway,CN,China,IIW_BP6_USD,2009,1678.20069204152
NO,Norway,CN,China,IIW_BP6_USD,2010,1796.92832764505
NO,Norway,CN,China,IIW_BP6_USD,2012,5389.58707360862
NO,Norway,CN,China,IIW_BP6_USD,2013,5112.99342105263
NO,Norway,CN,China,IIW_BP6_USD,2014,4440.64602960969
NO,Norway,CN,China,IIW_BP6_USD,2015,813.507377979569
NO,Norway,CN,China,IIW_BP6_USD,2016,2630.62645011601
NO,Norway,CN,China,IIW_BP6_USD,2017,1392.5700365408
NO,Norway,CN,China,IIW_BP6_USD,2018,792.059838895282
NO,Norway,CN,China,IIW_BP6_USD,2019,1293.50797266515
NO,Norway,CN,China,IIW_BP6_USD,2020,1000.23446658851
NO,Norway,CN,China,IIW_BP6_USD,2021,1527.55102040816
NO,Norway,CN,China,IIW_BP6_USD,2022,2091.07505070994
NO,Norway,CN,China,IIW_BP6_USD,2023,1171.58308751229
NP,Nepal,CN,China,IIW_BP6_USD,2009,1.21708758731865
NP,Nepal,CN,China,IIW_BP6_USD,2010,1.26448011165387
NP,Nepal,CN,China,IIW_BP6_USD,2011,1.05952520173079
NP,Nepal,CN,China,IIW_BP6_USD,2012,4.1975837072834
NP,Nepal,CN,China,IIW_BP6_USD,2013,3.64852630520068
NP,Nepal,CN,China,IIW_BP6_USD,2014,4.42761111668506
NP,Nepal,CN,China,IIW_BP6_USD,2015,7.37651444547996
NP,Nepal,CN,China,IIW_BP6_USD,2016,100.408333333333
NP,Nepal,CN,China,IIW_BP6_USD,2017,166.372025254978
NP,Nepal,CN,China,IIW_BP6_USD,2018,233.07371349096
NP,Nepal,CN,China,IIW_BP6_USD,2019,243.249779346867
NP,Nepal,CN,China,IIW_BP6_USD,2020,262.848695609813
NP,Nepal,CN,China,IIW_BP6_USD,2021,271.858954982714
NP,Nepal,CN,China,IIW_BP6_USD,2022,209.402084612351
NP,Nepal,CN,China,IIW_BP6_USD,2023,267.009358237652
NZ,New Zealand,CN,China,IIW_BP6_USD,2012,408.91841225
NZ,New Zealand,CN,China,IIW_BP6_USD,2013,237.7792608
NZ,New Zealand,CN,China,IIW_BP6_USD,2014,509.683557999999
NZ,New Zealand,CN,China,IIW_BP6_USD,2015,497.510623999999
NZ,New Zealand,CN,China,IIW_BP6_USD,2016,741.537175109748
NZ,New Zealand,CN,China,IIW_BP6_USD,2017,898.831795599716
NZ,New Zealand,CN,China,IIW_BP6_USD,2018,982.330827067669
NZ,New Zealand,CN,China,IIW_BP6_USD,2019,945.935479525862
NZ,New Zealand,CN,China,IIW_BP6_USD,2020,1216.32868396329
NZ,New Zealand,CN,China,IIW_BP6_USD,2021,1183.98578943773
NZ,New Zealand,CN,China,IIW_BP6_USD,2022,924.928729806779
NZ,New Zealand,CN,China,IIW_BP6_USD,2023,5098.58619159323
O2,Oceania and Polar Regions,CN,China,IIW_BP6_USD,2009,8124.12019999998
O2,Oceania and Polar Regions,CN,China,IIW_BP6_USD,2010,13118.4004
O2,Oceania and Polar Regions,CN,China,IIW_BP6_USD,2011,14707.9192
O2,Oceania and Polar Regions,CN,China,IIW_BP6_USD,2012,17628.15291225
O2,Oceania and Polar Regions,CN,China,IIW_BP6_USD,2013,20949.9652607999
O2,Oceania and Polar Regions,CN,China,IIW_BP6_USD,2014,26812.729424704
O2,Oceania and Polar Regions,CN,China,IIW_BP6_USD,2015,26784.8617574486
O2,Oceania and Polar Regions,CN,China,IIW_BP6_USD,2016,28944.420999877
O2,Oceania and Polar Regions,CN,China,IIW_BP6_USD,2017,31661.9862888234
O2,Oceania and Polar Regions,CN,China,IIW_BP6_USD,2018,31207.7417373491
O2,Oceania and Polar Regions,CN,China,IIW_BP6_USD,2019,34596.7061174586
O2,Oceania and Polar Regions,CN,China,IIW_BP6_USD,2020,37863.635909737
O2,Oceania and Polar Regions,CN,China,IIW_BP6_USD,2021,36663.4496482334
O2,Oceania and Polar Regions,CN,China,IIW_BP6_USD,2022,32643.4462298068
O2,Oceania and Polar Regions,CN,China,IIW_BP6_USD,2023,36949.7301915932
PA,Panama,CN,China,IIW_BP6_USD,2009,21.61
PA,Panama,CN,China,IIW_BP6_USD,2010,40.33
PA,Panama,CN,China,IIW_BP6_USD,2011,19.6
PA,Panama,CN,China,IIW_BP6_USD,2012,26.2
PA,Panama,CN,China,IIW_BP6_USD,2013,53.7
PA,Panama,CN,China,IIW_BP6_USD,2014,0.0
PA,Panama,CN,China,IIW_BP6_USD,2016,233.2
PA,Panama,CN,China,IIW_BP6_USD,2017,273.6
PA,Panama,CN,China,IIW_BP6_USD,2018,0.0
PA,Panama,CN,China,IIW_BP6_USD,2019,0.0
PA,Panama,CN,China,IIW_BP6_USD,2021,0.0
PA,Panama,CN,China,IIW_BP6_USD,2022,0.0
PA,Panama,CN,China,IIW_BP6_USD,2023,0.0
PE,Peru,CN,China,IIW_BP6_USD,2009,297.567453
PE,Peru,CN,China,IIW_BP6_USD,2010,979.5062
PE,Peru,CN,China,IIW_BP6_USD,2011,1627.3359281141
PE,Peru,CN,China,IIW_BP6_USD,2012,1072.68859515931
PE,Peru,CN,China,IIW_BP6_USD,2013,2460.59084293701
PH,Philippines,CN,China,IIW_BP6_USD,2009,6.11909333842437
PH,Philippines,CN,China,IIW_BP6_USD,2010,-0.247416608066533
PH,Philippines,CN,China,IIW_BP6_USD,2011,-78.5514192350984
PH,Philippines,CN,China,IIW_BP6_USD,2012,-96.0150358728404
PH,Philippines,CN,China,IIW_BP6_USD,2013,131.772988675367
PH,Philippines,CN,China,IIW_BP6_USD,2014,58.0612229067867
PH,Philippines,CN,China,IIW_BP6_USD,2015,212.416754991706
PH,Philippines,CN,China,IIW_BP6_USD,2016,110.632953595417
PH,Philippines,CN,China,IIW_BP6_USD,2017,108.289589102491
PH,Philippines,CN,China,IIW_BP6_USD,2018,85.8796277521647
PH,Philippines,CN,China,IIW_BP6_USD,2019,52.9459925268607
PH,Philippines,CN,China,IIW_BP6_USD,2020,69.2071016777171
PH,Philippines,CN,China,IIW_BP6_USD,2021,192.281520863524
PH,Philippines,CN,China,IIW_BP6_USD,2022,120.320396700871
PH,Philippines,CN,China,IIW_BP6_USD,2023,8.11614408085661
PK,Pakistan,CN,China,IIW_BP6_USD,2009,854.860235879397
PK,Pakistan,CN,China,IIW_BP6_USD,2010,973.541257344465
PK,Pakistan,CN,China,IIW_BP6_USD,2011,1055.10278088074
PK,Pakistan,CN,China,IIW_BP6_USD,2012,1056.92940111864
PK,Pakistan,CN,China,IIW_BP6_USD,2013,1182.83335635921
PK,Pakistan,CN,China,IIW_BP6_USD,2014,2237.76807189031
PK,Pakistan,CN,China,IIW_BP6_USD,2015,1014.79493383265
PK,Pakistan,CN,China,IIW_BP6_USD,2016,1401.9626226511
PK,Pakistan,CN,China,IIW_BP6_USD,2017,2689.84714159158
PK,Pakistan,CN,China,IIW_BP6_USD,2018,1725.03499526707
PK,Pakistan,CN,China,IIW_BP6_USD,2019,2430.21400510225
PK,Pakistan,CN,China,IIW_BP6_USD,2020,2663.87929387879
PK,Pakistan,CN,China,IIW_BP6_USD,2021,2942.95541609965
PK,Pakistan,CN,China,IIW_BP6_USD,2022,3376.08607728093
PK,Pakistan,CN,China,IIW_BP6_USD,2023,3589.36343447087
PL,Poland,CN,China,IIW_BP6_USD,2009,188.471388976599
PL,Poland,CN,China,IIW_BP6_USD,2010,303.734691812017
PL,Poland,CN,China,IIW_BP6_USD,2011,358.752267805934
PL,Poland,CN,China,IIW_BP6_USD,2012,195.509097948122
PL,Poland,CN,China,IIW_BP6_USD,2013,164.010624169987
PL,Poland,CN,China,IIW_BP6_USD,2014,105.497262773723
PL,Poland,CN,China,IIW_BP6_USD,2015,293.506959575504
PL,Poland,CN,China,IIW_BP6_USD,2016,252.195343717848
PL,Poland,CN,China,IIW_BP6_USD,2017,222.617987533393
PL,Poland,CN,China,IIW_BP6_USD,2018,459.611139186637
PL,Poland,CN,China,IIW_BP6_USD,2019,388.39297469521
PL,Poland,CN,China,IIW_BP6_USD,2020,534.269902085994
PL,Poland,CN,China,IIW_BP6_USD,2021,1127.58620689655
PL,Poland,CN,China,IIW_BP6_USD,2022,1249.03448589214
PL,Poland,CN,China,IIW_BP6_USD,2023,1232.78271918679
PT,Portugal,CN,China,IIW_BP6_USD,2009,5.459874
PT,Portugal,CN,China,IIW_BP6_USD,2010,4.54308
PT,Portugal,CN,China,IIW_BP6_USD,2011,4.955637
PT,Portugal,CN,China,IIW_BP6_USD,2012,16.42653
PT,Portugal,CN,China,IIW_BP6_USD,2013,198.673146
PT,Portugal,CN,China,IIW_BP6_USD,2014,1057.821048
PT,Portugal,CN,China,IIW_BP6_USD,2015,1356.770601
PT,Portugal,CN,China,IIW_BP6_USD,2016,1849.819008
PT,Portugal,CN,China,IIW_BP6_USD,2017,2570.231823
PT,Portugal,CN,China,IIW_BP6_USD,2018,2731.9013
PT,Portugal,CN,China,IIW_BP6_USD,2019,2802.849298
PT,Portugal,CN,China,IIW_BP6_USD,2020,3288.50529
PT,Portugal,CN,China,IIW_BP6_USD,2021,3325.574098
PT,Portugal,CN,China,IIW_BP6_USD,2022,3439.763668
PT,Portugal,CN,China,IIW_BP6_USD,2023,3988.7406
PW,Palau,CN,China,IIW_BP6_USD,2014,85.952442636
PW,Palau,CN,China,IIW_BP6_USD,2015,92.90632352
PW,Palau,CN,China,IIW_BP6_USD,2016,96.59578377
PW,Palau,CN,China,IIW_BP6_USD,2017,93.5753081576
PW,Palau,CN,China,IIW_BP6_USD,2018,91.3479957796
PW,Palau,CN,China,IIW_BP6_USD,2019,101.27360790248
PW,Palau,CN,China,IIW_BP6_USD,2020,93.72228085408
PW,Palau,CN,China,IIW_BP6_USD,2021,96.05185645344
PY,Paraguay,CN,China,IIW_BP6_USD,2009,6.24332240847826
PY,Paraguay,CN,China,IIW_BP6_USD,2010,6.40410118319438
PY,Paraguay,CN,China,IIW_BP6_USD,2011,6.67313477043322
PY,Paraguay,CN,China,IIW_BP6_USD,2012,7.44171940231593
PY,Paraguay,CN,China,IIW_BP6_USD,2013,6.93535287456436
PY,Paraguay,CN,China,IIW_BP6_USD,2014,6.91618553604286
PY,Paraguay,CN,China,IIW_BP6_USD,2015,7.01990974501951
PY,Paraguay,CN,China,IIW_BP6_USD,2016,7.78509183187588
PY,Paraguay,CN,China,IIW_BP6_USD,2017,9.04103294228129
PY,Paraguay,CN,China,IIW_BP6_USD,2018,4.27412151751351
PY,Paraguay,CN,China,IIW_BP6_USD,2019,5.10917767985817
PY,Paraguay,CN,China,IIW_BP6_USD,2020,6.27464299128445
PY,Paraguay,CN,China,IIW_BP6_USD,2021,7.41929405433572
PY,Paraguay,CN,China,IIW_BP6_USD,2022,8.94241447373543
PY,Paraguay,CN,China,IIW_BP6_USD,2023,8.66635998552076
RO,Romania,CN,China,IIW_BP6_USD,2009,48.6833057457171
RO,Romania,CN,China,IIW_BP6_USD,2010,69.0834763613668
RO,Romania,CN,China,IIW_BP6_USD,2011,62.0747162578984
RO,Romania,CN,China,IIW_BP6_USD,2012,93.1957110945644
RO,Romania,CN,China,IIW_BP6_USD,2013,172.068446437897
RO,Romania,CN,China,IIW_BP6_USD,2014,108.929152652707
RO,Romania,CN,China,IIW_BP6_USD,2015,242.929816524821
RO,Romania,CN,China,IIW_BP6_USD,2016,59.0941835335673
RO,Romania,CN,China,IIW_BP6_USD,2017,89.8111268148529
RO,Romania,CN,China,IIW_BP6_USD,2018,41.9776119402985
RO,Romania,CN,China,IIW_BP6_USD,2019,101.811866316185
RO,Romania,CN,China,IIW_BP6_USD,2020,279.097327281896
RO,Romania,CN,China,IIW_BP6_USD,2021,281.053378177409
RO,Romania,CN,China,IIW_BP6_USD,2022,328.205238855565
RO,Romania,CN,China,IIW_BP6_USD,2023,353.641176208906
RS,Serbia,CN,China,IIW_BP6_USD,2009,0.005529140364
RS,Serbia,CN,China,IIW_BP6_USD,2010,5.9
RS,Serbia,CN,China,IIW_BP6_USD,2011,13.46134014
RS,Serbia,CN,China,IIW_BP6_USD,2012,14.498129564995
RS,Serbia,CN,China,IIW_BP6_USD,2013,22.6915029557779
RS,Serbia,CN,China,IIW_BP6_USD,2014,51.8073628070091
RS,Serbia,CN,China,IIW_BP6_USD,2015,151.336452935625
RS,Serbia,CN,China,IIW_BP6_USD,2016,59.8970380935734
RS,Serbia,CN,China,IIW_BP6_USD,2017,192.24779
RS,Serbia,CN,China,IIW_BP6_USD,2018,434.21835
RS,Serbia,CN,China,IIW_BP6_USD,2019,711.1436552
RU,Russian Federation,CN,China,IIW_BP6_USD,2009,1250.69433725668
RU,Russian Federation,CN,China,IIW_BP6_USD,2010,1987.41
RU,Russian Federation,CN,China,IIW_BP6_USD,2011,1385.4349548916
RU,Russian Federation,CN,China,IIW_BP6_USD,2012,2152.00023127217
RU,Russian Federation,CN,China,IIW_BP6_USD,2013,4542.77419515707
RU,Russian Federation,CN,China,IIW_BP6_USD,2014,2758.97296579444
RU,Russian Federation,CN,China,IIW_BP6_USD,2015,1340.52712459129
RU,Russian Federation,CN,China,IIW_BP6_USD,2016,2901.61585678407
RU,Russian Federation,CN,China,IIW_BP6_USD,2017,3584.04108998982
RU,Russian Federation,CN,China,IIW_BP6_USD,2018,2660.12253145041
RU,Russian Federation,CN,China,IIW_BP6_USD,2019,3735.74289731216
RU,Russian Federation,CN,China,IIW_BP6_USD,2020,2187.5193215408
RU,Russian Federation,CN,China,IIW_BP6_USD,2021,3322.88199261747
RW,Rwanda,CN,China,IIW_BP6_USD,2011,0.0
RW,Rwanda,CN,China,IIW_BP6_USD,2012,3.68951776
RW,Rwanda,CN,China,IIW_BP6_USD,2013,0.288743721391
RW,Rwanda,CN,China,IIW_BP6_USD,2014,8.76462631493293
RW,Rwanda,CN,China,IIW_BP6_USD,2015,28.5592845049329
RW,Rwanda,CN,China,IIW_BP6_USD,2016,21.3873464549329
RW,Rwanda,CN,China,IIW_BP6_USD,2017,28.1901999349329
RW,Rwanda,CN,China,IIW_BP6_USD,2018,20.7547946849329
RW,Rwanda,CN,China,IIW_BP6_USD,2019,20.9648732449329
RW,Rwanda,CN,China,IIW_BP6_USD,2020,23.9655432349329
RW,Rwanda,CN,China,IIW_BP6_USD,2021,57.7525910549329
RW,Rwanda,CN,China,IIW_BP6_USD,2022,80.3968907549329
RW,Rwanda,CN,China,IIW_BP6_USD,2023,54.7299052249605
S2,Eastern Asia,CN,China,IIW_BP6_USD,2009,320390.475670968
S2,Eastern Asia,CN,China,IIW_BP6_USD,2010,379309.355491991
S2,Eastern Asia,CN,China,IIW_BP6_USD,2011,393042.026452731
S2,Eastern Asia,CN,China,IIW_BP6_USD,2012,398620.20967634
S2,Eastern Asia,CN,China,IIW_BP6_USD,2013,365968.900293836
S2,Eastern Asia,CN,China,IIW_BP6_USD,2014,369630.495907991
S2,Eastern Asia,CN,China,IIW_BP6_USD,2015,363040.059190713
S2,Eastern Asia,CN,China,IIW_BP6_USD,2016,356166.944312262
S2,Eastern Asia,CN,China,IIW_BP6_USD,2017,422468.06469584
S2,Eastern Asia,CN,China,IIW_BP6_USD,2018,486820.389376207
S2,Eastern Asia,CN,China,IIW_BP6_USD,2019,499627.299717646
S2,Eastern Asia,CN,China,IIW_BP6_USD,2020,553055.399274019
S2,Eastern Asia,CN,China,IIW_BP6_USD,2021,598001.763801679
S2,Eastern Asia,CN,China,IIW_BP6_USD,2022,643778.802245317
S2,Eastern Asia,CN,China,IIW_BP6_USD,2023,672512.821029053
S35,Gulf Arabian Countries,CN,China,IIW_BP6_USD,2009,5935.46666666667
S35,Gulf Arabian Countries,CN,China,IIW_BP6_USD,2010,9035.29370246045
S35,Gulf Arabian Countries,CN,China,IIW_BP6_USD,2014,0.06
S35,Gulf Arabian Countries,CN,China,IIW_BP6_USD,2015,56.1511581
S35,Gulf Arabian Countries,CN,China,IIW_BP6_USD,2016,58.4376678098971
S35,Gulf Arabian Countries,CN,China,IIW_BP6_USD,2017,60.2250007794545
S35,Gulf Arabian Countries,CN,China,IIW_BP6_USD,2018,61.5615318728381
S35,Gulf Arabian Countries,CN,China,IIW_BP6_USD,2019,69.412356046857
S35,Gulf Arabian Countries,CN,China,IIW_BP6_USD,2020,77.6865516925686
S35,Gulf Arabian Countries,CN,China,IIW_BP6_USD,2021,74.9412908193745
S35,Gulf Arabian Countries,CN,China,IIW_BP6_USD,2022,65.3155611824872
S35,Gulf Arabian Countries,CN,China,IIW_BP6_USD,2023,74.8442218246869
S37,Other Near and Middle East countries,CN,China,IIW_BP6_USD,2009,167.7057824477
S37,Other Near and Middle East countries,CN,China,IIW_BP6_USD,2010,174.7787593477
S37,Other Near and Middle East countries,CN,China,IIW_BP6_USD,2011,213.5908559477
S37,Other Near and Middle East countries,CN,China,IIW_BP6_USD,2012,174.0547
S37,Other Near and Middle East countries,CN,China,IIW_BP6_USD,2013,349.9841547477
S37,Other Near and Middle East countries,CN,China,IIW_BP6_USD,2014,577.208202009721
S37,Other Near and Middle East countries,CN,China,IIW_BP6_USD,2015,859.025679432677
S37,Other Near and Middle East countries,CN,China,IIW_BP6_USD,2016,1026.67186493524
S37,Other Near and Middle East countries,CN,China,IIW_BP6_USD,2017,4377.2122834678
S37,Other Near and Middle East countries,CN,China,IIW_BP6_USD,2018,5129.08080352558
S37,Other Near and Middle East countries,CN,China,IIW_BP6_USD,2019,910.073497024724
S37,Other Near and Middle East countries,CN,China,IIW_BP6_USD,2020,860.298173274512
S37,Other Near and Middle East countries,CN,China,IIW_BP6_USD,2021,821.746986998311
S37,Other Near and Middle East countries,CN,China,IIW_BP6_USD,2022,883.706472730374
S37,Other Near and Middle East countries,CN,China,IIW_BP6_USD,2023,984.391319711765
S5,Central & South Asia,CN,China,IIW_BP6_USD,2009,26371.4025178917
S5,Central & South Asia,CN,China,IIW_BP6_USD,2010,33757.0773788251
S5,Central & South Asia,CN,China,IIW_BP6_USD,2011,40306.5416621329
S5,Central & South Asia,CN,China,IIW_BP6_USD,2012,43710.8006197766
S5,Central & South Asia,CN,China,IIW_BP6_USD,2013,45594.7665476414
S5,Central & South Asia,CN,China,IIW_BP6_USD,2014,50622.8430406638
S5,Central & South Asia,CN,China,IIW_BP6_USD,2015,66795.3511984997
S5,Central & South Asia,CN,China,IIW_BP6_USD,2016,62908.2878419184
S5,Central & South Asia,CN,China,IIW_BP6_USD,2017,88256.6995916208
S5,Central & South Asia,CN,China,IIW_BP6_USD,2018,96695.1130441441
S5,Central & South Asia,CN,China,IIW_BP6_USD,2019,109406.64004782
S5,Central & South Asia,CN,China,IIW_BP6_USD,2020,107690.343971125
S5,Central & South Asia,CN,China,IIW_BP6_USD,2021,124207.983636566
S5,Central & South Asia,CN,China,IIW_BP6_USD,2022,144257.027766679
S5,Central & South Asia,CN,China,IIW_BP6_USD,2023,165367.429657485
SA,Saudi Arabia,CN,China,IIW_BP6_USD,2009,5935.46666666667
SA,Saudi Arabia,CN,China,IIW_BP6_USD,2010,9035.29370246045
SC,Seychelles,CN,China,IIW_BP6_USD,2009,14.4808490831492
SC,Seychelles,CN,China,IIW_BP6_USD,2010,13.8764514878398
SC,Seychelles,CN,China,IIW_BP6_USD,2011,12.4076273471142
SC,Seychelles,CN,China,IIW_BP6_USD,2012,16.0055992677881
SC,Seychelles,CN,China,IIW_BP6_USD,2013,15.5095956772871
SC,Seychelles,CN,China,IIW_BP6_USD,2014,17.343025450712
SC,Seychelles,CN,China,IIW_BP6_USD,2015,15.3557283708484
SC,Seychelles,CN,China,IIW_BP6_USD,2016,13.7601160991285
SC,Seychelles,CN,China,IIW_BP6_USD,2017,13.4465187883519
SC,Seychelles,CN,China,IIW_BP6_USD,2018,15.4855044039511
SC,Seychelles,CN,China,IIW_BP6_USD,2019,13.2981365578121
SC,Seychelles,CN,China,IIW_BP6_USD,2020,8.79388267730013
SC,Seychelles,CN,China,IIW_BP6_USD,2021,12.6566932669347
SC,Seychelles,CN,China,IIW_BP6_USD,2022,15.3998872099011
SC,Seychelles,CN,China,IIW_BP6_USD,2023,18.6943602192622
SE,Sweden,CN,China,IIW_BP6_USD,2015,4535.35209932708
SE,Sweden,CN,China,IIW_BP6_USD,2016,4868.79565668381
SG,Singapore,CN,China,IIW_BP6_USD,2009,17951.546244834
SG,Singapore,CN,China,IIW_BP6_USD,2010,23137.2427184466
SG,Singapore,CN,China,IIW_BP6_USD,2011,23672.2534020143
SG,Singapore,CN,China,IIW_BP6_USD,2012,25719.4115243155
SG,Singapore,CN,China,IIW_BP6_USD,2013,27153.955583656
SG,Singapore,CN,China,IIW_BP6_USD,2014,29121.8496934837
SG,Singapore,CN,China,IIW_BP6_USD,2015,30454.2754084447
SG,Singapore,CN,China,IIW_BP6_USD,2016,27169.2594897324
SG,Singapore,CN,China,IIW_BP6_USD,2017,44554.017656741
SG,Singapore,CN,China,IIW_BP6_USD,2018,47374.4871043376
SG,Singapore,CN,China,IIW_BP6_USD,2019,51939.7268408551
SG,Singapore,CN,China,IIW_BP6_USD,2020,55776.9457680962
SG,Singapore,CN,China,IIW_BP6_USD,2021,63973.2189095213
SG,Singapore,CN,China,IIW_BP6_USD,2022,75320.3926818385
SG,Singapore,CN,China,IIW_BP6_USD,2023,87112.7711208858
SI,Slovenia,CN,China,IIW_BP6_USD,2009,0.796681404330001
SI,Slovenia,CN,China,IIW_BP6_USD,2010,-0.58404607176
SI,Slovenia,CN,China,IIW_BP6_USD,2011,0.193043436378
SI,Slovenia,CN,China,IIW_BP6_USD,2012,-1.10403921978
SI,Slovenia,CN,China,IIW_BP6_USD,2013,-1.117071
SI,Slovenia,CN,China,IIW_BP6_USD,2014,0.3047391
SI,Slovenia,CN,China,IIW_BP6_USD,2015,3.2715435
SI,Slovenia,CN,China,IIW_BP6_USD,2016,11.763756
SI,Slovenia,CN,China,IIW_BP6_USD,2017,12.3827725
SI,Slovenia,CN,China,IIW_BP6_USD,2018,4.42886
SI,Slovenia,CN,China,IIW_BP6_USD,2019,4.7991648
SI,Slovenia,CN,China,IIW_BP6_USD,2020,5.2421712
SI,Slovenia,CN,China,IIW_BP6_USD,2021,-14.112196
SI,Slovenia,CN,China,IIW_BP6_USD,2022,5.8108368
SI,Slovenia,CN,China,IIW_BP6_USD,2023,16.816995
SK,Slovakia,CN,China,IIW_BP6_USD,2009,21.9316944
SK,Slovakia,CN,China,IIW_BP6_USD,2010,49.5543132
SK,Slovakia,CN,China,IIW_BP6_USD,2011,59.8920432
SK,Slovakia,CN,China,IIW_BP6_USD,2012,62.14374
SK,Slovakia,CN,China,IIW_BP6_USD,2013,34.75332
SK,Slovakia,CN,China,IIW_BP6_USD,2014,38.00133
SK,Slovakia,CN,China,IIW_BP6_USD,2015,15.02406
SK,Slovakia,CN,China,IIW_BP6_USD,2017,36.07146603
SK,Slovakia,CN,China,IIW_BP6_USD,2018,25.103301745
SK,Slovakia,CN,China,IIW_BP6_USD,2019,41.1726111234
SK,Slovakia,CN,China,IIW_BP6_USD,2020,16.246804
SK,Slovakia,CN,China,IIW_BP6_USD,2021,76.7208640786
SK,Slovakia,CN,China,IIW_BP6_USD,2022,88.026498
SK,Slovakia,CN,China,IIW_BP6_USD,2023,87.7149
SN,Senegal,CN,China,IIW_BP6_USD,2011,0.00417191751898371
SN,Senegal,CN,China,IIW_BP6_USD,2012,0.0
SN,Senegal,CN,China,IIW_BP6_USD,2014,57.8401099462312
SN,Senegal,CN,China,IIW_BP6_USD,2016,59.2166635922782
SN,Senegal,CN,China,IIW_BP6_USD,2017,67.3736311983864
SN,Senegal,CN,China,IIW_BP6_USD,2018,98.4956559652538
SN,Senegal,CN,China,IIW_BP6_USD,2019,163.777110389858
SN,Senegal,CN,China,IIW_BP6_USD,2020,180.900614217091
SN,Senegal,CN,China,IIW_BP6_USD,2021,196.337799890222
SN,Senegal,CN,China,IIW_BP6_USD,2022,182.989284354006
SV,El Salvador,CN,China,IIW_BP6_USD,2012,0.0
SV,El Salvador,CN,China,IIW_BP6_USD,2013,0.0
SV,El Salvador,CN,China,IIW_BP6_USD,2014,0.0
SV,El Salvador,CN,China,IIW_BP6_USD,2015,0.0
SV,El Salvador,CN,China,IIW_BP6_USD,2016,0.0
SV,El Salvador,CN,China,IIW_BP6_USD,2017,0.0
SV,El Salvador,CN,China,IIW_BP6_USD,2020,16.83680628
SV,El Salvador,CN,China,IIW_BP6_USD,2021,23.8703577
SV,El Salvador,CN,China,IIW_BP6_USD,2022,16.5691245
SV,El Salvador,CN,China,IIW_BP6_USD,2023,14.22398813
SZ,Eswatini,CN,China,IIW_BP6_USD,2019,0.0
SZ,Eswatini,CN,China,IIW_BP6_USD,2020,0.0
SZ,Eswatini,CN,China,IIW_BP6_USD,2021,0.0
SZ,Eswatini,CN,China,IIW_BP6_USD,2022,0.0
SZ,Eswatini,CN,China,IIW_BP6_USD,2023,0.0
TG,Togo,CN,China,IIW_BP6_USD,2011,0.0
TG,Togo,CN,China,IIW_BP6_USD,2013,-1.06238853760189
TG,Togo,CN,China,IIW_BP6_USD,2014,-0.276225856268017
TG,Togo,CN,China,IIW_BP6_USD,2015,-0.22074175593827
TG,Togo,CN,China,IIW_BP6_USD,2016,0.262832799787181
TG,Togo,CN,China,IIW_BP6_USD,2017,0.353367856800598
TG,Togo,CN,China,IIW_BP6_USD,2018,-0.162063303875102
TG,Togo,CN,China,IIW_BP6_USD,2019,0.560709253807796
TG,Togo,CN,China,IIW_BP6_USD,2020,0.612467798956335
TG,Togo,CN,China,IIW_BP6_USD,2021,2.22556436120965
TG,Togo,CN,China,IIW_BP6_USD,2022,3.61033621106262
TH,Thailand,CN,China,IIW_BP6_USD,2009,551.49050347
TH,Thailand,CN,China,IIW_BP6_USD,2010,1328.59924906
TH,Thailand,CN,China,IIW_BP6_USD,2011,3294.34324078
TH,Thailand,CN,China,IIW_BP6_USD,2012,2599.59843108
TH,Thailand,CN,China,IIW_BP6_USD,2013,3448.19101528
TH,Thailand,CN,China,IIW_BP6_USD,2014,3294.34324078
TH,Thailand,CN,China,IIW_BP6_USD,2015,3184.24466819502
TH,Thailand,CN,China,IIW_BP6_USD,2016,4499.31345857693
TH,Thailand,CN,China,IIW_BP6_USD,2017,6339.80786570688
TH,Thailand,CN,China,IIW_BP6_USD,2018,7509.01579886165
TH,Thailand,CN,China,IIW_BP6_USD,2019,10257.2496361519
TH,Thailand,CN,China,IIW_BP6_USD,2020,11178.228339317
TH,Thailand,CN,China,IIW_BP6_USD,2021,12272.7665886595
TH,Thailand,CN,China,IIW_BP6_USD,2022,14201.1665302902
TH,Thailand,CN,China,IIW_BP6_USD,2023,16959.0673885469
TJ,Tajikistan,CN,China,IIW_BP6_USD,2015,967.86683
TJ,Tajikistan,CN,China,IIW_BP6_USD,2016,1151.43267
TJ,Tajikistan,CN,China,IIW_BP6_USD,2017,1264.42726861209
TJ,Tajikistan,CN,China,IIW_BP6_USD,2018,1436.8717627453
TJ,Tajikistan,CN,China,IIW_BP6_USD,2019,1460.4949527453
TJ,Tajikistan,CN,China,IIW_BP6_USD,2020,1468.37965
TJ,Tajikistan,CN,China,IIW_BP6_USD,2021,1668.17943034862
TJ,Tajikistan,CN,China,IIW_BP6_USD,2022,1850.16403805797
TJ,Tajikistan,CN,China,IIW_BP6_USD,2023,1698.38102359831
TR,Türkiye,CN,China,IIW_BP6_USD,2009,2.0
TR,Türkiye,CN,China,IIW_BP6_USD,2010,2.0
TR,Türkiye,CN,China,IIW_BP6_USD,2011,3.0
TR,Türkiye,CN,China,IIW_BP6_USD,2012,2.0
TR,Türkiye,CN,China,IIW_BP6_USD,2013,41.0
TR,Türkiye,CN,China,IIW_BP6_USD,2014,55.0
TR,Türkiye,CN,China,IIW_BP6_USD,2015,522.0
TR,Türkiye,CN,China,IIW_BP6_USD,2016,407.0
TR,Türkiye,CN,China,IIW_BP6_USD,2017,1395.0
TR,Türkiye,CN,China,IIW_BP6_USD,2018,1181.0
TR,Türkiye,CN,China,IIW_BP6_USD,2019,1101.0
TR,Türkiye,CN,China,IIW_BP6_USD,2020,1071.0
TR,Türkiye,CN,China,IIW_BP6_USD,2021,611.0
TR,Türkiye,CN,China,IIW_BP6_USD,2022,936.0
TR,Türkiye,CN,China,IIW_BP6_USD,2023,1001.0
TZ,"Tanzania, United Republic of",CN,China,IIW_BP6_USD,2009,46.7
TZ,"Tanzania, United Republic of",CN,China,IIW_BP6_USD,2010,42.9
TZ,"Tanzania, United Republic of",CN,China,IIW_BP6_USD,2011,45.1
TZ,"Tanzania, United Republic of",CN,China,IIW_BP6_USD,2012,44.5
TZ,"Tanzania, United Republic of",CN,China,IIW_BP6_USD,2013,182.1
TZ,"Tanzania, United Republic of",CN,China,IIW_BP6_USD,2014,191.7
TZ,"Tanzania, United Republic of",CN,China,IIW_BP6_USD,2015,192.1
TZ,"Tanzania, United Republic of",CN,China,IIW_BP6_USD,2017,327.3
TZ,"Tanzania, United Republic of",CN,China,IIW_BP6_USD,2018,602.4
TZ,"Tanzania, United Republic of",CN,China,IIW_BP6_USD,2019,671.8
TZ,"Tanzania, United Republic of",CN,China,IIW_BP6_USD,2020,298.27
UA,Ukraine,CN,China,IIW_BP6_USD,2009,9.0968
UA,Ukraine,CN,China,IIW_BP6_USD,2012,26.7428
UA,Ukraine,CN,China,IIW_BP6_USD,2013,24.9
UA,Ukraine,CN,China,IIW_BP6_USD,2014,34.9159249902147
UA,Ukraine,CN,China,IIW_BP6_USD,2015,24.8063559563967
UA,Ukraine,CN,China,IIW_BP6_USD,2016,23.7745513886572
UA,Ukraine,CN,China,IIW_BP6_USD,2017,25.8912869345544
UA,Ukraine,CN,China,IIW_BP6_USD,2018,23.8424731787876
UA,Ukraine,CN,China,IIW_BP6_USD,2019,81.8793170552498
UA,Ukraine,CN,China,IIW_BP6_USD,2020,74.3924281864288
UA,Ukraine,CN,China,IIW_BP6_USD,2021,140.50130976384
UA,Ukraine,CN,China,IIW_BP6_USD,2022,76.8663864266089
UA,Ukraine,CN,China,IIW_BP6_USD,2023,61.3616341190516
UG,Uganda,CN,China,IIW_BP6_USD,2009,168.126019236334
UG,Uganda,CN,China,IIW_BP6_USD,2010,35.4988282803666
UG,Uganda,CN,China,IIW_BP6_USD,2011,11.1106112824309
UG,Uganda,CN,China,IIW_BP6_USD,2012,7.02914351298363
UG,Uganda,CN,China,IIW_BP6_USD,2013,30.8196296897735
UG,Uganda,CN,China,IIW_BP6_USD,2014,32.3933588859434
UG,Uganda,CN,China,IIW_BP6_USD,2015,36.0373417598132
UG,Uganda,CN,China,IIW_BP6_USD,2016,21.2264080054878
UG,Uganda,CN,China,IIW_BP6_USD,2017,129.626473700055
UG,Uganda,CN,China,IIW_BP6_USD,2018,263.866845523622
UG,Uganda,CN,China,IIW_BP6_USD,2019,452.476369440562
UG,Uganda,CN,China,IIW_BP6_USD,2020,421.378930022947
UG,Uganda,CN,China,IIW_BP6_USD,2021,335.012067658364
UG,Uganda,CN,China,IIW_BP6_USD,2022,177.283861934005
UG,Uganda,CN,China,IIW_BP6_USD,2023,282.033318350084
US,United States,CN,China,IIW_BP6_USD,2009,1624.0
US,United States,CN,China,IIW_BP6_USD,2010,3300.0
US,United States,CN,China,IIW_BP6_USD,2011,3598.0
US,United States,CN,China,IIW_BP6_USD,2012,7076.0
US,United States,CN,China,IIW_BP6_USD,2013,7855.0
US,United States,CN,China,IIW_BP6_USD,2014,10071.0
US,United States,CN,China,IIW_BP6_USD,2015,14714.0
US,United States,CN,China,IIW_BP6_USD,2016,31871.0
US,United States,CN,China,IIW_BP6_USD,2017,36447.0
US,United States,CN,China,IIW_BP6_USD,2018,35437.0
US,United States,CN,China,IIW_BP6_USD,2019,38792.0
US,United States,CN,China,IIW_BP6_USD,2020,36738.0
US,United States,CN,China,IIW_BP6_USD,2021,31831.0
US,United States,CN,China,IIW_BP6_USD,2022,29907.0
US,United States,CN,China,IIW_BP6_USD,2023,28043.0
UY,Uruguay,CN,China,IIW_BP6_USD,2012,75.8283860931581
UY,Uruguay,CN,China,IIW_BP6_USD,2013,101.981089737043
UY,Uruguay,CN,China,IIW_BP6_USD,2014,66.8196030152669
UY,Uruguay,CN,China,IIW_BP6_USD,2015,79.4153379969097
UY,Uruguay,CN,China,IIW_BP6_USD,2016,-6.37828396261738
UY,Uruguay,CN,China,IIW_BP6_USD,2017,-10.7514559829718
UY,Uruguay,CN,China,IIW_BP6_USD,2018,-22.4525064253124
UY,Uruguay,CN,China,IIW_BP6_USD,2019,-41.5688130194221
UY,Uruguay,CN,China,IIW_BP6_USD,2020,182.266709613421
UY,Uruguay,CN,China,IIW_BP6_USD,2021,1091.52256235914
UY,Uruguay,CN,China,IIW_BP6_USD,2022,1403.01983248229
UY,Uruguay,CN,China,IIW_BP6_USD,2023,1841.70487647787
VE,"Venezuela, Bolivarian Republic",CN,China,IIW_BP6_USD,2011,1170.0
VE,"Venezuela, Bolivarian Republic",CN,China,IIW_BP6_USD,2012,1269.0
VE,"Venezuela, Bolivarian Republic",CN,China,IIW_BP6_USD,2013,1635.0
VE,"Venezuela, Bolivarian Republic",CN,China,IIW_BP6_USD,2014,1610.0
VE,"Venezuela, Bolivarian Republic",CN,China,IIW_BP6_USD,2015,1152.0
VE,"Venezuela, Bolivarian Republic",CN,China,IIW_BP6_USD,2016,784.0
VE,"Venezuela, Bolivarian Republic",CN,China,IIW_BP6_USD,2017,756.0
W00,World,CN,China,IIW_BP6_USD,2009,390067.978015309
W00,World,CN,China,IIW_BP6_USD,2010,478091.471616261
W00,World,CN,China,IIW_BP6_USD,2011,527885.81958538
W00,World,CN,China,IIW_BP6_USD,2012,530534.775046552
W00,World,CN,China,IIW_BP6_USD,2013,497015.60563944
W00,World,CN,China,IIW_BP6_USD,2014,530306.630010378
W00,World,CN,China,IIW_BP6_USD,2015,545221.487140461
W00,World,CN,China,IIW_BP6_USD,2016,566045.685457644
W00,World,CN,China,IIW_BP6_USD,2017,680268.066162562
W00,World,CN,China,IIW_BP6_USD,2018,763240.576225818
W00,World,CN,China,IIW_BP6_USD,2019,802631.915147263
W00,World,CN,China,IIW_BP6_USD,2020,855369.123240273
W00,World,CN,China,IIW_BP6_USD,2021,908284.927602894
W00,World,CN,China,IIW_BP6_USD,2022,954427.599136117
W00,World,CN,China,IIW_BP6_USD,2023,1013544.59225059
XK,"Kosovo, Republic of",CN,China,IIW_BP6_USD,2010,0.0
XK,"Kosovo, Republic of",CN,China,IIW_BP6_USD,2012,0.0
ZA,South Africa,CN,China,IIW_BP6_USD,2009,4666.93766937669
ZA,South Africa,CN,China,IIW_BP6_USD,2010,5709.6326678328
ZA,South Africa,CN,China,IIW_BP6_USD,2011,4369.20507435926
ZA,South Africa,CN,China,IIW_BP6_USD,2012,5076.84254483217
ZA,South Africa,CN,China,IIW_BP6_USD,2013,5617.71617325319
ZA,South Africa,CN,China,IIW_BP6_USD,2014,5210.79876866751
ZA,South Africa,CN,China,IIW_BP6_USD,2015,3712.6407204889
ZA,South Africa,CN,China,IIW_BP6_USD,2016,5677.9044828254
ZA,South Africa,CN,China,IIW_BP6_USD,2017,7301.1792
ZA,South Africa,CN,China,IIW_BP6_USD,2018,6280.04135920002
ZA,South Africa,CN,China,IIW_BP6_USD,2019,7088.99595949999
ZA,South Africa,CN,China,IIW_BP6_USD,2020,6732.08142410002
ZA,South Africa,CN,China,IIW_BP6_USD,2021,6468.05188090001
ZA,South Africa,CN,China,IIW_BP6_USD,2022,5929.90134299998
ZA,South Africa,CN,China,IIW_BP6_USD,2023,5659.85083209999
ZM,Zambia,CN,China,IIW_BP6_USD,2009,595.5
ZM,Zambia,CN,China,IIW_BP6_USD,2010,552.3
ZM,Zambia,CN,China,IIW_BP6_USD,2011,1058.33687254512
ZM,Zambia,CN,China,IIW_BP6_USD,2012,1137.89601578591
ZM,Zambia,CN,China,IIW_BP6_USD,2013,1304.7
ZM,Zambia,CN,China,IIW_BP6_USD,2014,2192.5958621179
ZM,Zambia,CN,China,IIW_BP6_USD,2015,2244.33903958328
ZM,Zambia,CN,China,IIW_BP6_USD,2016,1964.14844570001
ZM,Zambia,CN,China,IIW_BP6_USD,2017,3284.74722250974
ZM,Zambia,CN,China,IIW_BP6_USD,2018,3353.15232681149
ZM,Zambia,CN,China,IIW_BP6_USD,2019,2917.19082553312
ZM,Zambia,CN,China,IIW_BP6_USD,2020,1648.16133212177
ZM,Zambia,CN,China,IIW_BP6_USD,2021,2134.62001469379
ZM,Zambia,CN,China,IIW_BP6_USD,2022,2187.90380963444
ZM,Zambia,CN,China,IIW_BP6_USD,2023,1866.13908528492
