REF_AREA,counterpart_area,counterpart_label,COMP_BREAKDOWN_1,year,value_usd,OBS_STATUS
CHN,AF,Afghanistan,IMF_CNT_COUNTRY_512,2018,387.816,A
CHN,AF,Afghanistan,IMF_CNT_COUNTRY_512,2019,387.528,A
CHN,AF,Afghanistan,IMF_CNT_COUNTRY_512,2020,432.84,A
CHN,AF,Afghanistan,IMF_CNT_COUNTRY_512,2021,435.001,A
CHN,AF,Afghanistan,IMF_CNT_COUNTRY_512,2022,447.718,A
CHN,AF,Afghanistan,IMF_CNT_COUNTRY_512,2023,433.731,A
CHN,AL,Albania,IMF_CNT_COUNTRY_914,2018,5.58,A
CHN,AL,Albania,IMF_CNT_COUNTRY_914,2019,5.6039,A
CHN,AL,Albania,IMF_CNT_COUNTRY_914,2020,6.004,A
CHN,AL,Albania,IMF_CNT_COUNTRY_914,2021,4.85,A
CHN,AL,Albania,IMF_CNT_COUNTRY_914,2022,0.6602,A
CHN,AL,Albania,IMF_CNT_COUNTRY_914,2023,0.6663,A
CHN,DZ,Algeria,IMF_CNT_COUNTRY_612,2018,625.789,A
CHN,DZ,Algeria,IMF_CNT_COUNTRY_612,2019,670.562,A
CHN,DZ,Algeria,IMF_CNT_COUNTRY_612,2020,1643.52,A
CHN,DZ,Algeria,IMF_CNT_COUNTRY_612,2021,1716.02,A
CHN,DZ,Algeria,IMF_CNT_COUNTRY_612,2022,1621.92,A
CHN,DZ,Algeria,IMF_CNT_COUNTRY_612,2023,1699.96,A
CHN,AO,Angola,IMF_CNT_COUNTRY_614,2018,971.029,A
CHN,AO,Angola,IMF_CNT_COUNTRY_614,2019,1331.13,A
CHN,AO,Angola,IMF_CNT_COUNTRY_614,2020,2690.09,A
CHN,AO,Angola,IMF_CNT_COUNTRY_614,2021,2710.09,A
CHN,AO,Angola,IMF_CNT_COUNTRY_614,2022,1946.17,A
CHN,AO,Angola,IMF_CNT_COUNTRY_614,2023,2554.12,A
CHN,AI,Anguilla,IMF_CNT_COUNTRY_312,2018,0.0,A
CHN,AI,Anguilla,IMF_CNT_COUNTRY_312,2019,22.6477,A
CHN,AI,Anguilla,IMF_CNT_COUNTRY_312,2020,22.6477,A
CHN,AI,Anguilla,IMF_CNT_COUNTRY_312,2021,22.6477,A
CHN,AI,Anguilla,IMF_CNT_COUNTRY_312,2022,22.6477,A
CHN,AI,Anguilla,IMF_CNT_COUNTRY_312,2023,22.6477,A
CHN,AG,Antigua and Barbuda,IMF_CNT_COUNTRY_311,2018,4.426,A
CHN,AG,Antigua and Barbuda,IMF_CNT_COUNTRY_311,2019,4.426,A
CHN,AG,Antigua and Barbuda,IMF_CNT_COUNTRY_311,2020,3.826,A
CHN,AG,Antigua and Barbuda,IMF_CNT_COUNTRY_311,2021,3.826,A
CHN,AG,Antigua and Barbuda,IMF_CNT_COUNTRY_311,2022,3.246,A
CHN,AG,Antigua and Barbuda,IMF_CNT_COUNTRY_311,2023,17.9623,A
CHN,AR,Argentina,IMF_CNT_COUNTRY_213,2018,1010.1,A
CHN,AR,Argentina,IMF_CNT_COUNTRY_213,2019,1191.34,A
CHN,AR,Argentina,IMF_CNT_COUNTRY_213,2020,1992.66,A
CHN,AR,Argentina,IMF_CNT_COUNTRY_213,2021,2141.14,A
CHN,AR,Argentina,IMF_CNT_COUNTRY_213,2022,2134.49,A
CHN,AR,Argentina,IMF_CNT_COUNTRY_213,2023,1821.2,A
CHN,AM,Armenia,IMF_CNT_COUNTRY_911,2018,7.51,A
CHN,AM,Armenia,IMF_CNT_COUNTRY_911,2019,7.51,A
CHN,AM,Armenia,IMF_CNT_COUNTRY_911,2020,12.2514,A
CHN,AM,Armenia,IMF_CNT_COUNTRY_911,2021,27.0246,A
CHN,AM,Armenia,IMF_CNT_COUNTRY_911,2022,30.9644,A
CHN,AM,Armenia,IMF_CNT_COUNTRY_911,2023,4.9976,A
CHN,AU,Australia,IMF_CNT_COUNTRY_193,2018,24987.7,A
CHN,AU,Australia,IMF_CNT_COUNTRY_193,2019,25025.5,A
CHN,AU,Australia,IMF_CNT_COUNTRY_193,2020,34439.4,A
CHN,AU,Australia,IMF_CNT_COUNTRY_193,2021,34430.5,A
CHN,AU,Australia,IMF_CNT_COUNTRY_193,2022,35788.3,A
CHN,AU,Australia,IMF_CNT_COUNTRY_193,2023,34773.9,A
CHN,AT,Austria,IMF_CNT_COUNTRY_122,2018,447.481,A
CHN,AT,Austria,IMF_CNT_COUNTRY_122,2019,440.513,A
CHN,AT,Austria,IMF_CNT_COUNTRY_122,2020,675.235,A
CHN,AT,Austria,IMF_CNT_COUNTRY_122,2021,720.062,A
CHN,AT,Austria,IMF_CNT_COUNTRY_122,2022,523.923,A
CHN,AT,Austria,IMF_CNT_COUNTRY_122,2023,572.974,A
CHN,AZ,Azerbaijan,IMF_CNT_COUNTRY_912,2018,4.2657,A
CHN,AZ,Azerbaijan,IMF_CNT_COUNTRY_912,2019,2.0857,A
CHN,AZ,Azerbaijan,IMF_CNT_COUNTRY_912,2020,25.0625,A
CHN,AZ,Azerbaijan,IMF_CNT_COUNTRY_912,2021,21.0262,A
CHN,AZ,Azerbaijan,IMF_CNT_COUNTRY_912,2022,28.9152,A
CHN,AZ,Azerbaijan,IMF_CNT_COUNTRY_912,2023,34.7943,A
CHN,BS,Bahamas,IMF_CNT_COUNTRY_313,2018,2.7097,A
CHN,BS,Bahamas,IMF_CNT_COUNTRY_313,2019,1.5249,A
CHN,BS,Bahamas,IMF_CNT_COUNTRY_313,2020,162.123,A
CHN,BS,Bahamas,IMF_CNT_COUNTRY_313,2021,1546.51,A
CHN,BS,Bahamas,IMF_CNT_COUNTRY_313,2022,1590.89,A
CHN,BS,Bahamas,IMF_CNT_COUNTRY_313,2023,1129.93,A
CHN,BH,Bahrain,IMF_CNT_COUNTRY_419,2018,69.8171,A
CHN,BH,Bahrain,IMF_CNT_COUNTRY_419,2019,69.06,A
CHN,BH,Bahrain,IMF_CNT_COUNTRY_419,2020,70.9379,A
CHN,BH,Bahrain,IMF_CNT_COUNTRY_419,2021,134.686,A
CHN,BH,Bahrain,IMF_CNT_COUNTRY_419,2022,130.777,A
CHN,BH,Bahrain,IMF_CNT_COUNTRY_419,2023,136.555,A
CHN,BD,Bangladesh,IMF_CNT_COUNTRY_513,2018,666.614,A
CHN,BD,Bangladesh,IMF_CNT_COUNTRY_513,2019,882.68,A
CHN,BD,Bangladesh,IMF_CNT_COUNTRY_513,2020,1710.58,A
CHN,BD,Bangladesh,IMF_CNT_COUNTRY_513,2021,2204.48,A
CHN,BD,Bangladesh,IMF_CNT_COUNTRY_513,2022,2994.66,A
CHN,BD,Bangladesh,IMF_CNT_COUNTRY_513,2023,4265.61,A
CHN,BB,Barbados,IMF_CNT_COUNTRY_316,2018,168.246,A
CHN,BB,Barbados,IMF_CNT_COUNTRY_316,2019,54.4876,A
CHN,BB,Barbados,IMF_CNT_COUNTRY_316,2020,59.1499,A
CHN,BB,Barbados,IMF_CNT_COUNTRY_316,2021,354.6,A
CHN,BB,Barbados,IMF_CNT_COUNTRY_316,2022,160.779,A
CHN,BB,Barbados,IMF_CNT_COUNTRY_316,2023,151.767,A
CHN,BY,Belarus,IMF_CNT_COUNTRY_913,2018,327.225,A
CHN,BY,Belarus,IMF_CNT_COUNTRY_913,2019,395.707,A
CHN,BY,Belarus,IMF_CNT_COUNTRY_913,2020,607.279,A
CHN,BY,Belarus,IMF_CNT_COUNTRY_913,2021,646.055,A
CHN,BY,Belarus,IMF_CNT_COUNTRY_913,2022,747.589,A
CHN,BY,Belarus,IMF_CNT_COUNTRY_913,2023,792.918,A
CHN,BE,Belgium,IMF_CNT_COUNTRY_124,2018,246.359,A
CHN,BE,Belgium,IMF_CNT_COUNTRY_124,2019,256.744,A
CHN,BE,Belgium,IMF_CNT_COUNTRY_124,2020,500.632,A
CHN,BE,Belgium,IMF_CNT_COUNTRY_124,2021,488.199,A
CHN,BE,Belgium,IMF_CNT_COUNTRY_124,2022,414.151,A
CHN,BE,Belgium,IMF_CNT_COUNTRY_124,2023,353.653,A
CHN,BZ,Belize,IMF_CNT_COUNTRY_339,2018,0.0,A
CHN,BZ,Belize,IMF_CNT_COUNTRY_339,2019,0.0,A
CHN,BZ,Belize,IMF_CNT_COUNTRY_339,2020,0.0,A
CHN,BZ,Belize,IMF_CNT_COUNTRY_339,2021,447.92,A
CHN,BZ,Belize,IMF_CNT_COUNTRY_339,2022,140.47,A
CHN,BZ,Belize,IMF_CNT_COUNTRY_339,2023,139.568,A
CHN,BJ,Benin,IMF_CNT_COUNTRY_638,2018,42.3571,A
CHN,BJ,Benin,IMF_CNT_COUNTRY_638,2019,73.3621,A
CHN,BJ,Benin,IMF_CNT_COUNTRY_638,2020,75.46,A
CHN,BJ,Benin,IMF_CNT_COUNTRY_638,2021,84.7089,A
CHN,BJ,Benin,IMF_CNT_COUNTRY_638,2022,168.615,A
CHN,BJ,Benin,IMF_CNT_COUNTRY_638,2023,158.712,A
CHN,BM,Bermuda,IMF_CNT_COUNTRY_319,2018,8306.14,A
CHN,BM,Bermuda,IMF_CNT_COUNTRY_319,2019,8325.56,A
CHN,BM,Bermuda,IMF_CNT_COUNTRY_319,2020,7483.48,A
CHN,BM,Bermuda,IMF_CNT_COUNTRY_319,2021,9260.29,A
CHN,BM,Bermuda,IMF_CNT_COUNTRY_319,2022,11009.3,A
CHN,BM,Bermuda,IMF_CNT_COUNTRY_319,2023,15816.2,A
CHN,BO,Bolivia,IMF_CNT_COUNTRY_218,2018,182.806,A
CHN,BO,Bolivia,IMF_CNT_COUNTRY_218,2019,179.708,A
CHN,BO,Bolivia,IMF_CNT_COUNTRY_218,2020,287.963,A
CHN,BO,Bolivia,IMF_CNT_COUNTRY_218,2021,307.513,A
CHN,BO,Bolivia,IMF_CNT_COUNTRY_218,2022,230.244,A
CHN,BO,Bolivia,IMF_CNT_COUNTRY_218,2023,270.215,A
CHN,BA,Bosnia and Herzegovina,IMF_CNT_COUNTRY_963,2018,4.335,A
CHN,BA,Bosnia and Herzegovina,IMF_CNT_COUNTRY_963,2019,6.7053,A
CHN,BA,Bosnia and Herzegovina,IMF_CNT_COUNTRY_963,2020,22.8615,A
CHN,BA,Bosnia and Herzegovina,IMF_CNT_COUNTRY_963,2021,21.2162,A
CHN,BA,Bosnia and Herzegovina,IMF_CNT_COUNTRY_963,2022,40.4636,A
CHN,BA,Bosnia and Herzegovina,IMF_CNT_COUNTRY_963,2023,65.9263,A
CHN,BW,Botswana,IMF_CNT_COUNTRY_616,2018,142.338,A
CHN,BW,Botswana,IMF_CNT_COUNTRY_616,2019,122.71,A
CHN,BW,Botswana,IMF_CNT_COUNTRY_616,2020,190.428,A
CHN,BW,Botswana,IMF_CNT_COUNTRY_616,2021,153.519,A
CHN,BW,Botswana,IMF_CNT_COUNTRY_616,2022,143.426,A
CHN,BW,Botswana,IMF_CNT_COUNTRY_616,2023,160.275,A
CHN,BR,Brazil,IMF_CNT_COUNTRY_223,2018,3051.67,A
CHN,BR,Brazil,IMF_CNT_COUNTRY_223,2019,2524.24,A
CHN,BR,Brazil,IMF_CNT_COUNTRY_223,2020,3205.06,A
CHN,BR,Brazil,IMF_CNT_COUNTRY_223,2021,3007.71,A
CHN,BR,Brazil,IMF_CNT_COUNTRY_223,2022,3409.99,A
CHN,BR,Brazil,IMF_CNT_COUNTRY_223,2023,3944.45,A
CHN,BN,Brunei Darussalam,IMF_CNT_COUNTRY_516,2018,127.526,A
CHN,BN,Brunei Darussalam,IMF_CNT_COUNTRY_516,2019,367.628,A
CHN,BN,Brunei Darussalam,IMF_CNT_COUNTRY_516,2020,388.115,A
CHN,BN,Brunei Darussalam,IMF_CNT_COUNTRY_516,2021,96.2782,A
CHN,BN,Brunei Darussalam,IMF_CNT_COUNTRY_516,2022,103.854,A
CHN,BN,Brunei Darussalam,IMF_CNT_COUNTRY_516,2023,112.356,A
CHN,BG,Bulgaria,IMF_CNT_COUNTRY_918,2018,162.31,A
CHN,BG,Bulgaria,IMF_CNT_COUNTRY_918,2019,153.177,A
CHN,BG,Bulgaria,IMF_CNT_COUNTRY_918,2020,155.838,A
CHN,BG,Bulgaria,IMF_CNT_COUNTRY_918,2021,151.315,A
CHN,BG,Bulgaria,IMF_CNT_COUNTRY_918,2022,142.137,A
CHN,BG,Bulgaria,IMF_CNT_COUNTRY_918,2023,155.247,A
CHN,BF,Burkina Faso,IMF_CNT_COUNTRY_748,2018,0.2,A
CHN,BF,Burkina Faso,IMF_CNT_COUNTRY_748,2019,0.1308,A
CHN,BF,Burkina Faso,IMF_CNT_COUNTRY_748,2020,1.7086,A
CHN,BF,Burkina Faso,IMF_CNT_COUNTRY_748,2021,7.0532,A
CHN,BF,Burkina Faso,IMF_CNT_COUNTRY_748,2022,6.6376,A
CHN,BF,Burkina Faso,IMF_CNT_COUNTRY_748,2023,5.8848,A
CHN,BI,Burundi,IMF_CNT_COUNTRY_618,2018,4.96,A
CHN,BI,Burundi,IMF_CNT_COUNTRY_618,2019,2.55,A
CHN,BI,Burundi,IMF_CNT_COUNTRY_618,2020,10.5175,A
CHN,BI,Burundi,IMF_CNT_COUNTRY_618,2021,16.9139,A
CHN,BI,Burundi,IMF_CNT_COUNTRY_618,2022,19.5883,A
CHN,BI,Burundi,IMF_CNT_COUNTRY_618,2023,18.2427,A
CHN,CV,Cabo Verde,IMF_CNT_COUNTRY_624,2018,14.6257,A
CHN,CV,Cabo Verde,IMF_CNT_COUNTRY_624,2019,1.4384,A
CHN,CV,Cabo Verde,IMF_CNT_COUNTRY_624,2020,2.8214,A
CHN,CV,Cabo Verde,IMF_CNT_COUNTRY_624,2021,1.3129,A
CHN,CV,Cabo Verde,IMF_CNT_COUNTRY_624,2022,1.6162,A
CHN,CV,Cabo Verde,IMF_CNT_COUNTRY_624,2023,1.5476,A
CHN,KH,Cambodia,IMF_CNT_COUNTRY_522,2018,4253.18,A
CHN,KH,Cambodia,IMF_CNT_COUNTRY_522,2019,4632.25,A
CHN,KH,Cambodia,IMF_CNT_COUNTRY_522,2020,7038.52,A
CHN,KH,Cambodia,IMF_CNT_COUNTRY_522,2021,6965.59,A
CHN,KH,Cambodia,IMF_CNT_COUNTRY_522,2022,7145.19,A
CHN,KH,Cambodia,IMF_CNT_COUNTRY_522,2023,7967.79,A
CHN,CM,Cameroon,IMF_CNT_COUNTRY_622,2018,118.003,A
CHN,CM,Cameroon,IMF_CNT_COUNTRY_622,2019,76.3634,A
CHN,CM,Cameroon,IMF_CNT_COUNTRY_622,2020,442.739,A
CHN,CM,Cameroon,IMF_CNT_COUNTRY_622,2021,433.549,A
CHN,CM,Cameroon,IMF_CNT_COUNTRY_622,2022,389.684,A
CHN,CM,Cameroon,IMF_CNT_COUNTRY_622,2023,544.576,A
CHN,CA,Canada,IMF_CNT_COUNTRY_156,2018,11081.3,A
CHN,CA,Canada,IMF_CNT_COUNTRY_156,2019,12619.5,A
CHN,CA,Canada,IMF_CNT_COUNTRY_156,2020,12485.1,A
CHN,CA,Canada,IMF_CNT_COUNTRY_156,2021,13793.1,A
CHN,CA,Canada,IMF_CNT_COUNTRY_156,2022,13306.0,A
CHN,CA,Canada,IMF_CNT_COUNTRY_156,2023,10597.3,A
CHN,KY,Cayman Islands,IMF_CNT_COUNTRY_377,2018,237262.0,A
CHN,KY,Cayman Islands,IMF_CNT_COUNTRY_377,2019,259614.0,A
CHN,KY,Cayman Islands,IMF_CNT_COUNTRY_377,2020,457027.0,A
CHN,KY,Cayman Islands,IMF_CNT_COUNTRY_377,2021,229525.0,A
CHN,KY,Cayman Islands,IMF_CNT_COUNTRY_377,2022,211509.0,A
CHN,KY,Cayman Islands,IMF_CNT_COUNTRY_377,2023,221905.0,A
CHN,S5,Central & South Asia,IMF_CNT_COUNTRY_509,2018,85527.5,A
CHN,S5,Central & South Asia,IMF_CNT_COUNTRY_509,2019,93387.2,A
CHN,S5,Central & South Asia,IMF_CNT_COUNTRY_509,2020,153096.0,A
CHN,S5,Central & South Asia,IMF_CNT_COUNTRY_509,2021,168949.0,A
CHN,S5,Central & South Asia,IMF_CNT_COUNTRY_509,2022,184377.0,A
CHN,S5,Central & South Asia,IMF_CNT_COUNTRY_509,2023,205441.0,A
CHN,CF,Central African Republic,IMF_CNT_COUNTRY_626,2018,20.6398,A
CHN,CF,Central African Republic,IMF_CNT_COUNTRY_626,2019,13.5171,A
CHN,CF,Central African Republic,IMF_CNT_COUNTRY_626,2020,14.9861,A
CHN,CF,Central African Republic,IMF_CNT_COUNTRY_626,2021,11.744,A
CHN,CF,Central African Republic,IMF_CNT_COUNTRY_626,2022,9.579,A
CHN,CF,Central African Republic,IMF_CNT_COUNTRY_626,2023,4.121,A
CHN,TD,Chad,IMF_CNT_COUNTRY_628,2018,271.086,A
CHN,TD,Chad,IMF_CNT_COUNTRY_628,2019,265.467,A
CHN,TD,Chad,IMF_CNT_COUNTRY_628,2020,654.813,A
CHN,TD,Chad,IMF_CNT_COUNTRY_628,2021,611.324,A
CHN,TD,Chad,IMF_CNT_COUNTRY_628,2022,567.762,A
CHN,TD,Chad,IMF_CNT_COUNTRY_628,2023,450.704,A
CHN,CL,Chile,IMF_CNT_COUNTRY_228,2018,561.081,A
CHN,CL,Chile,IMF_CNT_COUNTRY_228,2019,1112.43,A
CHN,CL,Chile,IMF_CNT_COUNTRY_228,2020,1266.83,A
CHN,CL,Chile,IMF_CNT_COUNTRY_228,2021,1235.24,A
CHN,CL,Chile,IMF_CNT_COUNTRY_228,2022,1337.81,A
CHN,CL,Chile,IMF_CNT_COUNTRY_228,2023,1597.93,A
CHN,CO,Colombia,IMF_CNT_COUNTRY_233,2018,188.189,A
CHN,CO,Colombia,IMF_CNT_COUNTRY_233,2019,220.879,A
CHN,CO,Colombia,IMF_CNT_COUNTRY_233,2020,428.509,A
CHN,CO,Colombia,IMF_CNT_COUNTRY_233,2021,108.812,A
CHN,CO,Colombia,IMF_CNT_COUNTRY_233,2022,244.263,A
CHN,CO,Colombia,IMF_CNT_COUNTRY_233,2023,535.03,A
CHN,KM,Comoros,IMF_CNT_COUNTRY_632,2018,5.4534,A
CHN,KM,Comoros,IMF_CNT_COUNTRY_632,2019,1.8336,A
CHN,KM,Comoros,IMF_CNT_COUNTRY_632,2020,1.1785,A
CHN,KM,Comoros,IMF_CNT_COUNTRY_632,2021,1.0434,A
CHN,KM,Comoros,IMF_CNT_COUNTRY_632,2022,1.3311,A
CHN,KM,Comoros,IMF_CNT_COUNTRY_632,2023,1.3497,A
CHN,CG,Congo,IMF_CNT_COUNTRY_634,2018,387.485,A
CHN,CG,Congo,IMF_CNT_COUNTRY_634,2019,227.752,A
CHN,CG,Congo,IMF_CNT_COUNTRY_634,2020,1130.88,A
CHN,CG,Congo,IMF_CNT_COUNTRY_634,2021,967.091,A
CHN,CG,Congo,IMF_CNT_COUNTRY_634,2022,395.224,A
CHN,CG,Congo,IMF_CNT_COUNTRY_634,2023,680.007,A
CHN,CD,"Congo, the Democratic Republic of the",IMF_CNT_COUNTRY_636,2018,1261.86,A
CHN,CD,"Congo, the Democratic Republic of the",IMF_CNT_COUNTRY_636,2019,1604.49,A
CHN,CD,"Congo, the Democratic Republic of the",IMF_CNT_COUNTRY_636,2020,3688.13,A
CHN,CD,"Congo, the Democratic Republic of the",IMF_CNT_COUNTRY_636,2021,4259.36,A
CHN,CD,"Congo, the Democratic Republic of the",IMF_CNT_COUNTRY_636,2022,4129.83,A
CHN,CD,"Congo, the Democratic Republic of the",IMF_CNT_COUNTRY_636,2023,3914.81,A
CHN,CK,Cook Islands,IMF_CNT_COUNTRY_815,2018,0.0682,A
CHN,CK,Cook Islands,IMF_CNT_COUNTRY_815,2019,0.069,A
CHN,CK,Cook Islands,IMF_CNT_COUNTRY_815,2020,0.069,A
CHN,CK,Cook Islands,IMF_CNT_COUNTRY_815,2021,0.07,A
CHN,CK,Cook Islands,IMF_CNT_COUNTRY_815,2022,0.07,A
CHN,CK,Cook Islands,IMF_CNT_COUNTRY_815,2023,0.07,A
CHN,CR,Costa Rica,IMF_CNT_COUNTRY_238,2018,1.7906,A
CHN,CR,Costa Rica,IMF_CNT_COUNTRY_238,2019,3.1269,A
CHN,CR,Costa Rica,IMF_CNT_COUNTRY_238,2020,65.9001,A
CHN,CR,Costa Rica,IMF_CNT_COUNTRY_238,2021,35.747,A
CHN,CR,Costa Rica,IMF_CNT_COUNTRY_238,2022,12.2033,A
CHN,CR,Costa Rica,IMF_CNT_COUNTRY_238,2023,8.0707,A
CHN,CI,Cote d`Ivoire,IMF_CNT_COUNTRY_662,2018,312.029,A
CHN,CI,Cote d`Ivoire,IMF_CNT_COUNTRY_662,2019,387.997,A
CHN,CI,Cote d`Ivoire,IMF_CNT_COUNTRY_662,2020,666.855,A
CHN,CI,Cote d`Ivoire,IMF_CNT_COUNTRY_662,2021,793.192,A
CHN,CI,Cote d`Ivoire,IMF_CNT_COUNTRY_662,2022,808.512,A
CHN,CI,Cote d`Ivoire,IMF_CNT_COUNTRY_662,2023,890.241,A
CHN,HR,Croatia,IMF_CNT_COUNTRY_960,2018,68.4955,A
CHN,HR,Croatia,IMF_CNT_COUNTRY_960,2019,68.6494,A
CHN,HR,Croatia,IMF_CNT_COUNTRY_960,2020,252.64,A
CHN,HR,Croatia,IMF_CNT_COUNTRY_960,2021,245.528,A
CHN,HR,Croatia,IMF_CNT_COUNTRY_960,2022,242.481,A
CHN,HR,Croatia,IMF_CNT_COUNTRY_960,2023,370.092,A
CHN,CU,Cuba,IMF_CNT_COUNTRY_928,2018,62.9113,A
CHN,CU,Cuba,IMF_CNT_COUNTRY_928,2019,43.7631,A
CHN,CU,Cuba,IMF_CNT_COUNTRY_928,2020,139.861,A
CHN,CU,Cuba,IMF_CNT_COUNTRY_928,2021,180.182,A
CHN,CU,Cuba,IMF_CNT_COUNTRY_928,2022,248.151,A
CHN,CU,Cuba,IMF_CNT_COUNTRY_928,2023,284.961,A
CHN,CY,Cyprus,IMF_CNT_COUNTRY_423,2018,841.734,A
CHN,CY,Cyprus,IMF_CNT_COUNTRY_423,2019,1057.51,A
CHN,CY,Cyprus,IMF_CNT_COUNTRY_423,2020,202.738,A
CHN,CY,Cyprus,IMF_CNT_COUNTRY_423,2021,131.238,A
CHN,CY,Cyprus,IMF_CNT_COUNTRY_423,2022,135.457,A
CHN,CY,Cyprus,IMF_CNT_COUNTRY_423,2023,139.114,A
CHN,CZ,Czech Republic,IMF_CNT_COUNTRY_935,2018,187.482,A
CHN,CZ,Czech Republic,IMF_CNT_COUNTRY_935,2019,229.895,A
CHN,CZ,Czech Republic,IMF_CNT_COUNTRY_935,2020,1198.43,A
CHN,CZ,Czech Republic,IMF_CNT_COUNTRY_935,2021,526.821,A
CHN,CZ,Czech Republic,IMF_CNT_COUNTRY_935,2022,319.174,A
CHN,CZ,Czech Republic,IMF_CNT_COUNTRY_935,2023,695.182,A
CHN,DK,Denmark,IMF_CNT_COUNTRY_128,2018,241.606,A
CHN,DK,Denmark,IMF_CNT_COUNTRY_128,2019,290.011,A
CHN,DK,Denmark,IMF_CNT_COUNTRY_128,2020,353.538,A
CHN,DK,Denmark,IMF_CNT_COUNTRY_128,2021,253.927,A
CHN,DK,Denmark,IMF_CNT_COUNTRY_128,2022,319.08,A
CHN,DK,Denmark,IMF_CNT_COUNTRY_128,2023,321.259,A
CHN,DJ,Djibouti,IMF_CNT_COUNTRY_611,2018,84.8911,A
CHN,DJ,Djibouti,IMF_CNT_COUNTRY_611,2019,97.791,A
CHN,DJ,Djibouti,IMF_CNT_COUNTRY_611,2020,98.8326,A
CHN,DJ,Djibouti,IMF_CNT_COUNTRY_611,2021,82.4334,A
CHN,DJ,Djibouti,IMF_CNT_COUNTRY_611,2022,85.8242,A
CHN,DJ,Djibouti,IMF_CNT_COUNTRY_611,2023,87.4684,A
CHN,DM,Dominica,IMF_CNT_COUNTRY_321,2018,3.15,A
CHN,DM,Dominica,IMF_CNT_COUNTRY_321,2019,3.15,A
CHN,DM,Dominica,IMF_CNT_COUNTRY_321,2020,3.15,A
CHN,DM,Dominica,IMF_CNT_COUNTRY_321,2021,3.15,A
CHN,DM,Dominica,IMF_CNT_COUNTRY_321,2022,3.788,A
CHN,DM,Dominica,IMF_CNT_COUNTRY_321,2023,7.377,A
CHN,DO,Dominican Republic,IMF_CNT_COUNTRY_243,2018,0.01,A
CHN,DO,Dominican Republic,IMF_CNT_COUNTRY_243,2019,0.25,A
CHN,DO,Dominican Republic,IMF_CNT_COUNTRY_243,2020,3.3008,A
CHN,DO,Dominican Republic,IMF_CNT_COUNTRY_243,2021,1.3461,A
CHN,DO,Dominican Republic,IMF_CNT_COUNTRY_243,2022,6.9188,A
CHN,DO,Dominican Republic,IMF_CNT_COUNTRY_243,2023,3.5999,A
CHN,EC,Ecuador,IMF_CNT_COUNTRY_248,2018,345.821,A
CHN,EC,Ecuador,IMF_CNT_COUNTRY_248,2019,182.242,A
CHN,EC,Ecuador,IMF_CNT_COUNTRY_248,2020,601.408,A
CHN,EC,Ecuador,IMF_CNT_COUNTRY_248,2021,470.356,A
CHN,EC,Ecuador,IMF_CNT_COUNTRY_248,2022,418.474,A
CHN,EC,Ecuador,IMF_CNT_COUNTRY_248,2023,447.873,A
CHN,EG,Egypt,IMF_CNT_COUNTRY_469,2018,732.176,A
CHN,EG,Egypt,IMF_CNT_COUNTRY_469,2019,727.013,A
CHN,EG,Egypt,IMF_CNT_COUNTRY_469,2020,1191.72,A
CHN,EG,Egypt,IMF_CNT_COUNTRY_469,2021,1273.44,A
CHN,EG,Egypt,IMF_CNT_COUNTRY_469,2022,1203.37,A
CHN,EG,Egypt,IMF_CNT_COUNTRY_469,2023,1287.31,A
CHN,GQ,Equatorial Guinea,IMF_CNT_COUNTRY_642,2018,258.789,A
CHN,GQ,Equatorial Guinea,IMF_CNT_COUNTRY_642,2019,130.896,A
CHN,GQ,Equatorial Guinea,IMF_CNT_COUNTRY_642,2020,336.009,A
CHN,GQ,Equatorial Guinea,IMF_CNT_COUNTRY_642,2021,280.649,A
CHN,GQ,Equatorial Guinea,IMF_CNT_COUNTRY_642,2022,235.155,A
CHN,GQ,Equatorial Guinea,IMF_CNT_COUNTRY_642,2023,235.7,A
CHN,ER,Eritrea,IMF_CNT_COUNTRY_643,2018,135.162,A
CHN,ER,Eritrea,IMF_CNT_COUNTRY_643,2019,153.919,A
CHN,ER,Eritrea,IMF_CNT_COUNTRY_643,2020,199.861,A
CHN,ER,Eritrea,IMF_CNT_COUNTRY_643,2021,208.17,A
CHN,ER,Eritrea,IMF_CNT_COUNTRY_643,2022,320.429,A
CHN,ER,Eritrea,IMF_CNT_COUNTRY_643,2023,416.632,A
CHN,EE,Estonia,IMF_CNT_COUNTRY_939,2018,55.9208,A
CHN,EE,Estonia,IMF_CNT_COUNTRY_939,2019,63.3323,A
CHN,EE,Estonia,IMF_CNT_COUNTRY_939,2020,5.3202,A
CHN,EE,Estonia,IMF_CNT_COUNTRY_939,2021,5.3202,A
CHN,EE,Estonia,IMF_CNT_COUNTRY_939,2022,5.1836,A
CHN,EE,Estonia,IMF_CNT_COUNTRY_939,2023,1.6911,A
CHN,ET,Ethiopia,IMF_CNT_COUNTRY_644,2018,964.383,A
CHN,ET,Ethiopia,IMF_CNT_COUNTRY_644,2019,1326.86,A
CHN,ET,Ethiopia,IMF_CNT_COUNTRY_644,2020,2992.8,A
CHN,ET,Ethiopia,IMF_CNT_COUNTRY_644,2021,2810.9,A
CHN,ET,Ethiopia,IMF_CNT_COUNTRY_644,2022,2620.32,A
CHN,ET,Ethiopia,IMF_CNT_COUNTRY_644,2023,2574.37,A
CHN,E1,Europe,IMF_CNT_COUNTRY_170,2018,95884.5,A
CHN,E1,Europe,IMF_CNT_COUNTRY_170,2019,95740.4,A
CHN,E1,Europe,IMF_CNT_COUNTRY_170,2020,124048.0,A
CHN,E1,Europe,IMF_CNT_COUNTRY_170,2021,136007.0,A
CHN,E1,Europe,IMF_CNT_COUNTRY_170,2022,143298.0,A
CHN,E1,Europe,IMF_CNT_COUNTRY_170,2023,149730.0,A
CHN,FJ,Fiji,IMF_CNT_COUNTRY_819,2018,111.335,A
CHN,FJ,Fiji,IMF_CNT_COUNTRY_819,2019,122.35,A
CHN,FJ,Fiji,IMF_CNT_COUNTRY_819,2020,182.525,A
CHN,FJ,Fiji,IMF_CNT_COUNTRY_819,2021,143.22,A
CHN,FJ,Fiji,IMF_CNT_COUNTRY_819,2022,172.974,A
CHN,FJ,Fiji,IMF_CNT_COUNTRY_819,2023,130.375,A
CHN,FI,Finland,IMF_CNT_COUNTRY_172,2018,260.535,A
CHN,FI,Finland,IMF_CNT_COUNTRY_172,2019,286.525,A
CHN,FI,Finland,IMF_CNT_COUNTRY_172,2020,306.623,A
CHN,FI,Finland,IMF_CNT_COUNTRY_172,2021,452.963,A
CHN,FI,Finland,IMF_CNT_COUNTRY_172,2022,721.409,A
CHN,FI,Finland,IMF_CNT_COUNTRY_172,2023,462.778,A
CHN,FR,France,IMF_CNT_COUNTRY_132,2018,6360.41,A
CHN,FR,France,IMF_CNT_COUNTRY_132,2019,5108.14,A
CHN,FR,France,IMF_CNT_COUNTRY_132,2020,4860.95,A
CHN,FR,France,IMF_CNT_COUNTRY_132,2021,4863.9,A
CHN,FR,France,IMF_CNT_COUNTRY_132,2022,4814.26,A
CHN,FR,France,IMF_CNT_COUNTRY_132,2023,4622.81,A
CHN,GA,Gabon,IMF_CNT_COUNTRY_646,2018,126.756,A
CHN,GA,Gabon,IMF_CNT_COUNTRY_646,2019,86.4118,A
CHN,GA,Gabon,IMF_CNT_COUNTRY_646,2020,259.188,A
CHN,GA,Gabon,IMF_CNT_COUNTRY_646,2021,218.308,A
CHN,GA,Gabon,IMF_CNT_COUNTRY_646,2022,152.16,A
CHN,GA,Gabon,IMF_CNT_COUNTRY_646,2023,139.082,A
CHN,GM,Gambia,IMF_CNT_COUNTRY_648,2018,23.2732,A
CHN,GM,Gambia,IMF_CNT_COUNTRY_648,2019,12.4288,A
CHN,GM,Gambia,IMF_CNT_COUNTRY_648,2020,19.0282,A
CHN,GM,Gambia,IMF_CNT_COUNTRY_648,2021,19.3833,A
CHN,GM,Gambia,IMF_CNT_COUNTRY_648,2022,19.9656,A
CHN,GM,Gambia,IMF_CNT_COUNTRY_648,2023,21.2108,A
CHN,GE,Georgia,IMF_CNT_COUNTRY_915,2018,313.589,A
CHN,GE,Georgia,IMF_CNT_COUNTRY_915,2019,409.177,A
CHN,GE,Georgia,IMF_CNT_COUNTRY_915,2020,701.666,A
CHN,GE,Georgia,IMF_CNT_COUNTRY_915,2021,792.288,A
CHN,GE,Georgia,IMF_CNT_COUNTRY_915,2022,853.606,A
CHN,GE,Georgia,IMF_CNT_COUNTRY_915,2023,1065.1,A
CHN,DE,Germany,IMF_CNT_COUNTRY_134,2018,11987.6,A
CHN,DE,Germany,IMF_CNT_COUNTRY_134,2019,11239.2,A
CHN,DE,Germany,IMF_CNT_COUNTRY_134,2020,14549.6,A
CHN,DE,Germany,IMF_CNT_COUNTRY_134,2021,16697.5,A
CHN,DE,Germany,IMF_CNT_COUNTRY_134,2022,18550.6,A
CHN,DE,Germany,IMF_CNT_COUNTRY_134,2023,17063.5,A
CHN,GH,Ghana,IMF_CNT_COUNTRY_652,2018,911.555,A
CHN,GH,Ghana,IMF_CNT_COUNTRY_652,2019,988.205,A
CHN,GH,Ghana,IMF_CNT_COUNTRY_652,2020,1584.03,A
CHN,GH,Ghana,IMF_CNT_COUNTRY_652,2021,1093.54,A
CHN,GH,Ghana,IMF_CNT_COUNTRY_652,2022,1058.26,A
CHN,GH,Ghana,IMF_CNT_COUNTRY_652,2023,875.788,A
CHN,GR,Greece,IMF_CNT_COUNTRY_174,2018,231.185,A
CHN,GR,Greece,IMF_CNT_COUNTRY_174,2019,231.016,A
CHN,GR,Greece,IMF_CNT_COUNTRY_174,2020,126.295,A
CHN,GR,Greece,IMF_CNT_COUNTRY_174,2021,132.95,A
CHN,GR,Greece,IMF_CNT_COUNTRY_174,2022,125.219,A
CHN,GR,Greece,IMF_CNT_COUNTRY_174,2023,129.066,A
CHN,GD,Grenada,IMF_CNT_COUNTRY_328,2018,23.0492,A
CHN,GD,Grenada,IMF_CNT_COUNTRY_328,2019,26.2815,A
CHN,GD,Grenada,IMF_CNT_COUNTRY_328,2020,27.1215,A
CHN,GD,Grenada,IMF_CNT_COUNTRY_328,2021,22.618,A
CHN,GD,Grenada,IMF_CNT_COUNTRY_328,2022,19.7895,A
CHN,GD,Grenada,IMF_CNT_COUNTRY_328,2023,3.0154,A
CHN,GT,Guatemala,IMF_CNT_COUNTRY_258,2018,0.7369,A
CHN,GT,Guatemala,IMF_CNT_COUNTRY_258,2019,0.0969,A
CHN,GT,Guatemala,IMF_CNT_COUNTRY_258,2020,4.7827,A
CHN,GT,Guatemala,IMF_CNT_COUNTRY_258,2021,0.006,A
CHN,GT,Guatemala,IMF_CNT_COUNTRY_258,2022,0.473,A
CHN,GT,Guatemala,IMF_CNT_COUNTRY_258,2023,1.4305,A
CHN,GG,Guernsey,IMF_CNT_COUNTRY_113,2018,0.0,A
CHN,GG,Guernsey,IMF_CNT_COUNTRY_113,2019,1732.3,A
CHN,GG,Guernsey,IMF_CNT_COUNTRY_113,2020,1676.57,A
CHN,GG,Guernsey,IMF_CNT_COUNTRY_113,2021,1760.06,A
CHN,GG,Guernsey,IMF_CNT_COUNTRY_113,2022,1821.81,A
CHN,GG,Guernsey,IMF_CNT_COUNTRY_113,2023,2256.96,A
CHN,GN,Guinea,IMF_CNT_COUNTRY_656,2018,108.087,A
CHN,GN,Guinea,IMF_CNT_COUNTRY_656,2019,104.357,A
CHN,GN,Guinea,IMF_CNT_COUNTRY_656,2020,472.822,A
CHN,GN,Guinea,IMF_CNT_COUNTRY_656,2021,959.332,A
CHN,GN,Guinea,IMF_CNT_COUNTRY_656,2022,1045.04,A
CHN,GN,Guinea,IMF_CNT_COUNTRY_656,2023,660.865,A
CHN,GW,Guinea-Bissau,IMF_CNT_COUNTRY_654,2018,61.3392,A
CHN,GW,Guinea-Bissau,IMF_CNT_COUNTRY_654,2019,22.8392,A
CHN,GW,Guinea-Bissau,IMF_CNT_COUNTRY_654,2020,24.2684,A
CHN,GW,Guinea-Bissau,IMF_CNT_COUNTRY_654,2021,24.2531,A
CHN,GW,Guinea-Bissau,IMF_CNT_COUNTRY_654,2022,25.0615,A
CHN,GW,Guinea-Bissau,IMF_CNT_COUNTRY_654,2023,26.5922,A
CHN,S35,Gulf Arabian Countries,IMF_CNT_COUNTRY_451,2018,7458.78,A
CHN,S35,Gulf Arabian Countries,IMF_CNT_COUNTRY_451,2019,8503.13,A
CHN,S35,Gulf Arabian Countries,IMF_CNT_COUNTRY_451,2020,19254.9,A
CHN,S35,Gulf Arabian Countries,IMF_CNT_COUNTRY_451,2021,20793.9,A
CHN,S35,Gulf Arabian Countries,IMF_CNT_COUNTRY_451,2022,23178.9,A
CHN,S35,Gulf Arabian Countries,IMF_CNT_COUNTRY_451,2023,19933.7,A
CHN,GY,Guyana,IMF_CNT_COUNTRY_336,2018,78.3288,A
CHN,GY,Guyana,IMF_CNT_COUNTRY_336,2019,110.999,A
CHN,GY,Guyana,IMF_CNT_COUNTRY_336,2020,257.345,A
CHN,GY,Guyana,IMF_CNT_COUNTRY_336,2021,265.565,A
CHN,GY,Guyana,IMF_CNT_COUNTRY_336,2022,231.544,A
CHN,GY,Guyana,IMF_CNT_COUNTRY_336,2023,215.089,A
CHN,HN,Honduras,IMF_CNT_COUNTRY_268,2018,1.16,A
CHN,HN,Honduras,IMF_CNT_COUNTRY_268,2019,1.5918,A
CHN,HN,Honduras,IMF_CNT_COUNTRY_268,2020,4.6932,A
CHN,HN,Honduras,IMF_CNT_COUNTRY_268,2021,6.6602,A
CHN,HN,Honduras,IMF_CNT_COUNTRY_268,2022,3.8108,A
CHN,HN,Honduras,IMF_CNT_COUNTRY_268,2023,3.8327,A
CHN,HU,Hungary,IMF_CNT_COUNTRY_944,2018,244.682,A
CHN,HU,Hungary,IMF_CNT_COUNTRY_944,2019,400.771,A
CHN,HU,Hungary,IMF_CNT_COUNTRY_944,2020,341.869,A
CHN,HU,Hungary,IMF_CNT_COUNTRY_944,2021,382.324,A
CHN,HU,Hungary,IMF_CNT_COUNTRY_944,2022,580.662,A
CHN,HU,Hungary,IMF_CNT_COUNTRY_944,2023,1086.74,A
CHN,IS,Iceland,IMF_CNT_COUNTRY_176,2018,14.7287,A
CHN,IS,Iceland,IMF_CNT_COUNTRY_176,2019,14.7287,A
CHN,IS,Iceland,IMF_CNT_COUNTRY_176,2020,14.7287,A
CHN,IS,Iceland,IMF_CNT_COUNTRY_176,2021,14.7287,A
CHN,IS,Iceland,IMF_CNT_COUNTRY_176,2022,0.0208,A
CHN,IS,Iceland,IMF_CNT_COUNTRY_176,2023,0.0464,A
CHN,IN,India,IMF_CNT_COUNTRY_534,2018,2155.8,A
CHN,IN,India,IMF_CNT_COUNTRY_534,2019,2570.99,A
CHN,IN,India,IMF_CNT_COUNTRY_534,2020,3183.31,A
CHN,IN,India,IMF_CNT_COUNTRY_534,2021,3518.89,A
CHN,IN,India,IMF_CNT_COUNTRY_534,2022,3483.39,A
CHN,IN,India,IMF_CNT_COUNTRY_534,2023,3206.26,A
CHN,ID,Indonesia,IMF_CNT_COUNTRY_536,2018,8835.03,A
CHN,ID,Indonesia,IMF_CNT_COUNTRY_536,2019,10669.8,A
CHN,ID,Indonesia,IMF_CNT_COUNTRY_536,2020,17938.8,A
CHN,ID,Indonesia,IMF_CNT_COUNTRY_536,2021,20080.5,A
CHN,ID,Indonesia,IMF_CNT_COUNTRY_536,2022,24722.1,A
CHN,ID,Indonesia,IMF_CNT_COUNTRY_536,2023,26346.3,A
CHN,IR,"Iran, Islamic Republic of",IMF_CNT_COUNTRY_429,2018,1320.8,A
CHN,IR,"Iran, Islamic Republic of",IMF_CNT_COUNTRY_429,2019,1278.78,A
CHN,IR,"Iran, Islamic Republic of",IMF_CNT_COUNTRY_429,2020,3527.24,A
CHN,IR,"Iran, Islamic Republic of",IMF_CNT_COUNTRY_429,2021,3419.97,A
CHN,IR,"Iran, Islamic Republic of",IMF_CNT_COUNTRY_429,2022,3393.6,A
CHN,IR,"Iran, Islamic Republic of",IMF_CNT_COUNTRY_429,2023,3923.85,A
CHN,IQ,Iraq,IMF_CNT_COUNTRY_433,2018,138.659,A
CHN,IQ,Iraq,IMF_CNT_COUNTRY_433,2019,272.764,A
CHN,IQ,Iraq,IMF_CNT_COUNTRY_433,2020,1737.89,A
CHN,IQ,Iraq,IMF_CNT_COUNTRY_433,2021,1941.83,A
CHN,IQ,Iraq,IMF_CNT_COUNTRY_433,2022,2507.37,A
CHN,IQ,Iraq,IMF_CNT_COUNTRY_433,2023,2168.67,A
CHN,IE,Ireland,IMF_CNT_COUNTRY_178,2018,939.702,A
CHN,IE,Ireland,IMF_CNT_COUNTRY_178,2019,1116.61,A
CHN,IE,Ireland,IMF_CNT_COUNTRY_178,2020,1517.94,A
CHN,IE,Ireland,IMF_CNT_COUNTRY_178,2021,1745.77,A
CHN,IE,Ireland,IMF_CNT_COUNTRY_178,2022,1676.18,A
CHN,IE,Ireland,IMF_CNT_COUNTRY_178,2023,2038.57,A
CHN,IL,Israel,IMF_CNT_COUNTRY_436,2018,3374.17,A
CHN,IL,Israel,IMF_CNT_COUNTRY_436,2019,3731.27,A
CHN,IL,Israel,IMF_CNT_COUNTRY_436,2020,3869.13,A
CHN,IL,Israel,IMF_CNT_COUNTRY_436,2021,3447.7,A
CHN,IL,Israel,IMF_CNT_COUNTRY_436,2022,3385.02,A
CHN,IL,Israel,IMF_CNT_COUNTRY_436,2023,2792.98,A
CHN,IT,Italy,IMF_CNT_COUNTRY_136,2018,1857.24,A
CHN,IT,Italy,IMF_CNT_COUNTRY_136,2019,1737.33,A
CHN,IT,Italy,IMF_CNT_COUNTRY_136,2020,2847.81,A
CHN,IT,Italy,IMF_CNT_COUNTRY_136,2021,3413.16,A
CHN,IT,Italy,IMF_CNT_COUNTRY_136,2022,2476.26,A
CHN,IT,Italy,IMF_CNT_COUNTRY_136,2023,2788.76,A
CHN,JM,Jamaica,IMF_CNT_COUNTRY_343,2018,752.75,A
CHN,JM,Jamaica,IMF_CNT_COUNTRY_343,2019,624.917,A
CHN,JM,Jamaica,IMF_CNT_COUNTRY_343,2020,1130.58,A
CHN,JM,Jamaica,IMF_CNT_COUNTRY_343,2021,1080.89,A
CHN,JM,Jamaica,IMF_CNT_COUNTRY_343,2022,1065.74,A
CHN,JM,Jamaica,IMF_CNT_COUNTRY_343,2023,1129.44,A
CHN,JP,Japan,IMF_CNT_COUNTRY_158,2018,3160.18,A
CHN,JP,Japan,IMF_CNT_COUNTRY_158,2019,3485.03,A
CHN,JP,Japan,IMF_CNT_COUNTRY_158,2020,4196.72,A
CHN,JP,Japan,IMF_CNT_COUNTRY_158,2021,4882.87,A
CHN,JP,Japan,IMF_CNT_COUNTRY_158,2022,5075.19,A
CHN,JP,Japan,IMF_CNT_COUNTRY_158,2023,5766.59,A
CHN,JE,Jersey,IMF_CNT_COUNTRY_117,2018,0.0,A
CHN,JE,Jersey,IMF_CNT_COUNTRY_117,2019,0.0,A
CHN,JE,Jersey,IMF_CNT_COUNTRY_117,2020,0.0,A
CHN,JE,Jersey,IMF_CNT_COUNTRY_117,2021,279.332,A
CHN,JE,Jersey,IMF_CNT_COUNTRY_117,2022,343.795,A
CHN,JE,Jersey,IMF_CNT_COUNTRY_117,2023,333.913,A
CHN,JO,Jordan,IMF_CNT_COUNTRY_439,2018,40.5121,A
CHN,JO,Jordan,IMF_CNT_COUNTRY_439,2019,71.4597,A
CHN,JO,Jordan,IMF_CNT_COUNTRY_439,2020,203.718,A
CHN,JO,Jordan,IMF_CNT_COUNTRY_439,2021,183.587,A
CHN,JO,Jordan,IMF_CNT_COUNTRY_439,2022,229.275,A
CHN,JO,Jordan,IMF_CNT_COUNTRY_439,2023,300.261,A
CHN,KZ,Kazakhstan,IMF_CNT_COUNTRY_916,2018,4245.94,A
CHN,KZ,Kazakhstan,IMF_CNT_COUNTRY_916,2019,4443.77,A
CHN,KZ,Kazakhstan,IMF_CNT_COUNTRY_916,2020,5869.37,A
CHN,KZ,Kazakhstan,IMF_CNT_COUNTRY_916,2021,7487.43,A
CHN,KZ,Kazakhstan,IMF_CNT_COUNTRY_916,2022,6978.69,A
CHN,KZ,Kazakhstan,IMF_CNT_COUNTRY_916,2023,7909.74,A
CHN,KE,Kenya,IMF_CNT_COUNTRY_664,2018,789.625,A
CHN,KE,Kenya,IMF_CNT_COUNTRY_664,2019,609.161,A
CHN,KE,Kenya,IMF_CNT_COUNTRY_664,2020,2154.3,A
CHN,KE,Kenya,IMF_CNT_COUNTRY_664,2021,2259.81,A
CHN,KE,Kenya,IMF_CNT_COUNTRY_664,2022,1782.42,A
CHN,KE,Kenya,IMF_CNT_COUNTRY_664,2023,1728.19,A
CHN,KI,Kiribati,IMF_CNT_COUNTRY_826,2018,2.93,A
CHN,KI,Kiribati,IMF_CNT_COUNTRY_826,2019,4.36,A
CHN,KI,Kiribati,IMF_CNT_COUNTRY_826,2020,36.3945,A
CHN,KI,Kiribati,IMF_CNT_COUNTRY_826,2021,65.9383,A
CHN,KI,Kiribati,IMF_CNT_COUNTRY_826,2022,392.324,A
CHN,KI,Kiribati,IMF_CNT_COUNTRY_826,2023,95.8595,A
CHN,KP,"Korea, Democratic People`s Republic of",IMF_CNT_COUNTRY_954,2018,493.039,A
CHN,KP,"Korea, Democratic People`s Republic of",IMF_CNT_COUNTRY_954,2019,411.793,A
CHN,KP,"Korea, Democratic People`s Republic of",IMF_CNT_COUNTRY_954,2020,479.551,A
CHN,KP,"Korea, Democratic People`s Republic of",IMF_CNT_COUNTRY_954,2021,452.043,A
CHN,KP,"Korea, Democratic People`s Republic of",IMF_CNT_COUNTRY_954,2022,437.978,A
CHN,KP,"Korea, Democratic People`s Republic of",IMF_CNT_COUNTRY_954,2023,343.285,A
CHN,KR,"Korea, Republic of",IMF_CNT_COUNTRY_542,2018,6128.49,A
CHN,KR,"Korea, Republic of",IMF_CNT_COUNTRY_542,2019,6109.15,A
CHN,KR,"Korea, Republic of",IMF_CNT_COUNTRY_542,2020,7054.73,A
CHN,KR,"Korea, Republic of",IMF_CNT_COUNTRY_542,2021,6601.5,A
CHN,KR,"Korea, Republic of",IMF_CNT_COUNTRY_542,2022,6674.15,A
CHN,KR,"Korea, Republic of",IMF_CNT_COUNTRY_542,2023,6988.68,A
CHN,KW,Kuwait,IMF_CNT_COUNTRY_443,2018,214.396,A
CHN,KW,Kuwait,IMF_CNT_COUNTRY_443,2019,199.66,A
CHN,KW,Kuwait,IMF_CNT_COUNTRY_443,2020,849.233,A
CHN,KW,Kuwait,IMF_CNT_COUNTRY_443,2021,853.557,A
CHN,KW,Kuwait,IMF_CNT_COUNTRY_443,2022,1043.0,A
CHN,KW,Kuwait,IMF_CNT_COUNTRY_443,2023,628.067,A
CHN,KG,Kyrgyzstan,IMF_CNT_COUNTRY_917,2018,580.473,A
CHN,KG,Kyrgyzstan,IMF_CNT_COUNTRY_917,2019,656.651,A
CHN,KG,Kyrgyzstan,IMF_CNT_COUNTRY_917,2020,1767.33,A
CHN,KG,Kyrgyzstan,IMF_CNT_COUNTRY_917,2021,1531.42,A
CHN,KG,Kyrgyzstan,IMF_CNT_COUNTRY_917,2022,1537.01,A
CHN,KG,Kyrgyzstan,IMF_CNT_COUNTRY_917,2023,1484.59,A
CHN,LA,Lao People`s Democratic Republic,IMF_CNT_COUNTRY_544,2018,5563.83,A
CHN,LA,Lao People`s Democratic Republic,IMF_CNT_COUNTRY_544,2019,5656.36,A
CHN,LA,Lao People`s Democratic Republic,IMF_CNT_COUNTRY_544,2020,10201.4,A
CHN,LA,Lao People`s Democratic Republic,IMF_CNT_COUNTRY_544,2021,9939.74,A
CHN,LA,Lao People`s Democratic Republic,IMF_CNT_COUNTRY_544,2022,9578.37,A
CHN,LA,Lao People`s Democratic Republic,IMF_CNT_COUNTRY_544,2023,10005.3,A
CHN,LV,Latvia,IMF_CNT_COUNTRY_941,2018,11.6352,A
CHN,LV,Latvia,IMF_CNT_COUNTRY_941,2019,11.6308,A
CHN,LV,Latvia,IMF_CNT_COUNTRY_941,2020,16.8071,A
CHN,LV,Latvia,IMF_CNT_COUNTRY_941,2021,21.1194,A
CHN,LV,Latvia,IMF_CNT_COUNTRY_941,2022,20.6363,A
CHN,LV,Latvia,IMF_CNT_COUNTRY_941,2023,22.7291,A
CHN,LB,Lebanon,IMF_CNT_COUNTRY_446,2018,2.2157,A
CHN,LB,Lebanon,IMF_CNT_COUNTRY_446,2019,2.2157,A
CHN,LB,Lebanon,IMF_CNT_COUNTRY_446,2020,2.2157,A
CHN,LB,Lebanon,IMF_CNT_COUNTRY_446,2021,0.4357,A
CHN,LB,Lebanon,IMF_CNT_COUNTRY_446,2022,0.4357,A
CHN,LB,Lebanon,IMF_CNT_COUNTRY_446,2023,0.4357,A
CHN,LS,Lesotho,IMF_CNT_COUNTRY_666,2018,6.531,A
CHN,LS,Lesotho,IMF_CNT_COUNTRY_666,2019,5.93,A
CHN,LS,Lesotho,IMF_CNT_COUNTRY_666,2020,17.5758,A
CHN,LS,Lesotho,IMF_CNT_COUNTRY_666,2021,14.5127,A
CHN,LS,Lesotho,IMF_CNT_COUNTRY_666,2022,9.3664,A
CHN,LS,Lesotho,IMF_CNT_COUNTRY_666,2023,3.9953,A
CHN,LR,Liberia,IMF_CNT_COUNTRY_668,2018,164.931,A
CHN,LR,Liberia,IMF_CNT_COUNTRY_668,2019,65.6354,A
CHN,LR,Liberia,IMF_CNT_COUNTRY_668,2020,168.879,A
CHN,LR,Liberia,IMF_CNT_COUNTRY_668,2021,162.777,A
CHN,LR,Liberia,IMF_CNT_COUNTRY_668,2022,155.785,A
CHN,LR,Liberia,IMF_CNT_COUNTRY_668,2023,140.732,A
CHN,LY,Libya,IMF_CNT_COUNTRY_672,2018,18.0592,A
CHN,LY,Libya,IMF_CNT_COUNTRY_672,2019,38.0137,A
CHN,LY,Libya,IMF_CNT_COUNTRY_672,2020,155.375,A
CHN,LY,Libya,IMF_CNT_COUNTRY_672,2021,138.792,A
CHN,LY,Libya,IMF_CNT_COUNTRY_672,2022,87.5375,A
CHN,LY,Libya,IMF_CNT_COUNTRY_672,2023,72.5258,A
CHN,LI,Liechtenstein,IMF_CNT_COUNTRY_147,2018,4.34,A
CHN,LI,Liechtenstein,IMF_CNT_COUNTRY_147,2019,4.34,A
CHN,LI,Liechtenstein,IMF_CNT_COUNTRY_147,2020,35.1607,A
CHN,LI,Liechtenstein,IMF_CNT_COUNTRY_147,2021,26.5443,A
CHN,LI,Liechtenstein,IMF_CNT_COUNTRY_147,2022,33.881,A
CHN,LI,Liechtenstein,IMF_CNT_COUNTRY_147,2023,33.8743,A
CHN,LT,Lithuania,IMF_CNT_COUNTRY_946,2018,11.7791,A
CHN,LT,Lithuania,IMF_CNT_COUNTRY_946,2019,9.8114,A
CHN,LT,Lithuania,IMF_CNT_COUNTRY_946,2020,12.2322,A
CHN,LT,Lithuania,IMF_CNT_COUNTRY_946,2021,7.285,A
CHN,LT,Lithuania,IMF_CNT_COUNTRY_946,2022,9.2323,A
CHN,LT,Lithuania,IMF_CNT_COUNTRY_946,2023,26.7491,A
CHN,LU,Luxembourg,IMF_CNT_COUNTRY_137,2018,14316.3,A
CHN,LU,Luxembourg,IMF_CNT_COUNTRY_137,2019,12901.8,A
CHN,LU,Luxembourg,IMF_CNT_COUNTRY_137,2020,15995.4,A
CHN,LU,Luxembourg,IMF_CNT_COUNTRY_137,2021,18130.7,A
CHN,LU,Luxembourg,IMF_CNT_COUNTRY_137,2022,20554.6,A
CHN,LU,Luxembourg,IMF_CNT_COUNTRY_137,2023,22868.5,A
CHN,MO,Macao,IMF_CNT_COUNTRY_546,2018,8472.65,A
CHN,MO,Macao,IMF_CNT_COUNTRY_546,2019,9457.5,A
CHN,MO,Macao,IMF_CNT_COUNTRY_546,2020,10532.3,A
CHN,MO,Macao,IMF_CNT_COUNTRY_546,2021,11236.2,A
CHN,MO,Macao,IMF_CNT_COUNTRY_546,2022,12686.4,A
CHN,MO,Macao,IMF_CNT_COUNTRY_546,2023,13946.6,A
CHN,MG,Madagascar,IMF_CNT_COUNTRY_674,2018,705.312,A
CHN,MG,Madagascar,IMF_CNT_COUNTRY_674,2019,164.21,A
CHN,MG,Madagascar,IMF_CNT_COUNTRY_674,2020,390.736,A
CHN,MG,Madagascar,IMF_CNT_COUNTRY_674,2021,322.872,A
CHN,MG,Madagascar,IMF_CNT_COUNTRY_674,2022,281.944,A
CHN,MG,Madagascar,IMF_CNT_COUNTRY_674,2023,253.674,A
CHN,MW,Malawi,IMF_CNT_COUNTRY_676,2018,281.3,A
CHN,MW,Malawi,IMF_CNT_COUNTRY_676,2019,151.573,A
CHN,MW,Malawi,IMF_CNT_COUNTRY_676,2020,173.156,A
CHN,MW,Malawi,IMF_CNT_COUNTRY_676,2021,176.721,A
CHN,MW,Malawi,IMF_CNT_COUNTRY_676,2022,196.592,A
CHN,MW,Malawi,IMF_CNT_COUNTRY_676,2023,238.882,A
CHN,MY,Malaysia,IMF_CNT_COUNTRY_548,2018,3693.11,A
CHN,MY,Malaysia,IMF_CNT_COUNTRY_548,2019,4514.71,A
CHN,MY,Malaysia,IMF_CNT_COUNTRY_548,2020,10211.8,A
CHN,MY,Malaysia,IMF_CNT_COUNTRY_548,2021,10355.1,A
CHN,MY,Malaysia,IMF_CNT_COUNTRY_548,2022,12050.5,A
CHN,MY,Malaysia,IMF_CNT_COUNTRY_548,2023,13477.9,A
CHN,MV,Maldives,IMF_CNT_COUNTRY_556,2018,14.6677,A
CHN,MV,Maldives,IMF_CNT_COUNTRY_556,2019,18.1176,A
CHN,MV,Maldives,IMF_CNT_COUNTRY_556,2020,43.9809,A
CHN,MV,Maldives,IMF_CNT_COUNTRY_556,2021,72.0353,A
CHN,MV,Maldives,IMF_CNT_COUNTRY_556,2022,63.3463,A
CHN,MV,Maldives,IMF_CNT_COUNTRY_556,2023,56.8689,A
CHN,ML,Mali,IMF_CNT_COUNTRY_678,2018,168.286,A
CHN,ML,Mali,IMF_CNT_COUNTRY_678,2019,179.592,A
CHN,ML,Mali,IMF_CNT_COUNTRY_678,2020,308.215,A
CHN,ML,Mali,IMF_CNT_COUNTRY_678,2021,438.612,A
CHN,ML,Mali,IMF_CNT_COUNTRY_678,2022,478.032,A
CHN,ML,Mali,IMF_CNT_COUNTRY_678,2023,438.814,A
CHN,MT,Malta,IMF_CNT_COUNTRY_181,2018,222.602,A
CHN,MT,Malta,IMF_CNT_COUNTRY_181,2019,221.155,A
CHN,MT,Malta,IMF_CNT_COUNTRY_181,2020,172.525,A
CHN,MT,Malta,IMF_CNT_COUNTRY_181,2021,32.5828,A
CHN,MT,Malta,IMF_CNT_COUNTRY_181,2022,31.4027,A
CHN,MT,Malta,IMF_CNT_COUNTRY_181,2023,34.544,A
CHN,MH,Marshall islands,IMF_CNT_COUNTRY_867,2018,76.0545,A
CHN,MH,Marshall islands,IMF_CNT_COUNTRY_867,2019,96.8242,A
CHN,MH,Marshall islands,IMF_CNT_COUNTRY_867,2020,164.859,A
CHN,MH,Marshall islands,IMF_CNT_COUNTRY_867,2021,180.07,A
CHN,MH,Marshall islands,IMF_CNT_COUNTRY_867,2022,189.31,A
CHN,MH,Marshall islands,IMF_CNT_COUNTRY_867,2023,137.27,A
CHN,MR,Mauritania,IMF_CNT_COUNTRY_682,2018,159.191,A
CHN,MR,Mauritania,IMF_CNT_COUNTRY_682,2019,129.749,A
CHN,MR,Mauritania,IMF_CNT_COUNTRY_682,2020,182.951,A
CHN,MR,Mauritania,IMF_CNT_COUNTRY_682,2021,142.768,A
CHN,MR,Mauritania,IMF_CNT_COUNTRY_682,2022,183.753,A
CHN,MR,Mauritania,IMF_CNT_COUNTRY_682,2023,210.198,A
CHN,MU,Mauritius,IMF_CNT_COUNTRY_684,2018,646.419,A
CHN,MU,Mauritius,IMF_CNT_COUNTRY_684,2019,834.356,A
CHN,MU,Mauritius,IMF_CNT_COUNTRY_684,2020,886.706,A
CHN,MU,Mauritius,IMF_CNT_COUNTRY_684,2021,1058.82,A
CHN,MU,Mauritius,IMF_CNT_COUNTRY_684,2022,1515.66,A
CHN,MU,Mauritius,IMF_CNT_COUNTRY_684,2023,1897.79,A
CHN,MX,Mexico,IMF_CNT_COUNTRY_273,2018,743.708,A
CHN,MX,Mexico,IMF_CNT_COUNTRY_273,2019,779.126,A
CHN,MX,Mexico,IMF_CNT_COUNTRY_273,2020,1166.95,A
CHN,MX,Mexico,IMF_CNT_COUNTRY_273,2021,1302.16,A
CHN,MX,Mexico,IMF_CNT_COUNTRY_273,2022,1683.91,A
CHN,MX,Mexico,IMF_CNT_COUNTRY_273,2023,3488.22,A
CHN,FM,"Micronesia, Federated States of",IMF_CNT_COUNTRY_868,2018,9.79,A
CHN,FM,"Micronesia, Federated States of",IMF_CNT_COUNTRY_868,2019,9.3618,A
CHN,FM,"Micronesia, Federated States of",IMF_CNT_COUNTRY_868,2020,13.4813,A
CHN,FM,"Micronesia, Federated States of",IMF_CNT_COUNTRY_868,2021,13.2316,A
CHN,FM,"Micronesia, Federated States of",IMF_CNT_COUNTRY_868,2022,18.007,A
CHN,FM,"Micronesia, Federated States of",IMF_CNT_COUNTRY_868,2023,18.8867,A
CHN,MD,"Moldova, Republic of",IMF_CNT_COUNTRY_921,2018,3.87,A
CHN,MD,"Moldova, Republic of",IMF_CNT_COUNTRY_921,2019,3.87,A
CHN,MD,"Moldova, Republic of",IMF_CNT_COUNTRY_921,2020,3.87,A
CHN,MD,"Moldova, Republic of",IMF_CNT_COUNTRY_921,2021,4.1693,A
CHN,MD,"Moldova, Republic of",IMF_CNT_COUNTRY_921,2022,2.4149,A
CHN,MD,"Moldova, Republic of",IMF_CNT_COUNTRY_921,2023,2.11,A
CHN,MN,Mongolia,IMF_CNT_COUNTRY_948,2018,2116.84,A
CHN,MN,Mongolia,IMF_CNT_COUNTRY_948,2019,1448.03,A
CHN,MN,Mongolia,IMF_CNT_COUNTRY_948,2020,3236.1,A
CHN,MN,Mongolia,IMF_CNT_COUNTRY_948,2021,1569.52,A
CHN,MN,Mongolia,IMF_CNT_COUNTRY_948,2022,1487.05,A
CHN,MN,Mongolia,IMF_CNT_COUNTRY_948,2023,1500.22,A
CHN,ME,Montenegro,IMF_CNT_COUNTRY_943,2018,7.3851,A
CHN,ME,Montenegro,IMF_CNT_COUNTRY_943,2019,0.5587,A
CHN,ME,Montenegro,IMF_CNT_COUNTRY_943,2020,153.084,A
CHN,ME,Montenegro,IMF_CNT_COUNTRY_943,2021,206.01,A
CHN,ME,Montenegro,IMF_CNT_COUNTRY_943,2022,84.3817,A
CHN,ME,Montenegro,IMF_CNT_COUNTRY_943,2023,132.985,A
CHN,MA,Morocco,IMF_CNT_COUNTRY_686,2018,117.238,A
CHN,MA,Morocco,IMF_CNT_COUNTRY_686,2019,142.812,A
CHN,MA,Morocco,IMF_CNT_COUNTRY_686,2020,383.466,A
CHN,MA,Morocco,IMF_CNT_COUNTRY_686,2021,349.196,A
CHN,MA,Morocco,IMF_CNT_COUNTRY_686,2022,282.701,A
CHN,MA,Morocco,IMF_CNT_COUNTRY_686,2023,513.286,A
CHN,MZ,Mozambique,IMF_CNT_COUNTRY_688,2018,1200.3,A
CHN,MZ,Mozambique,IMF_CNT_COUNTRY_688,2019,405.788,A
CHN,MZ,Mozambique,IMF_CNT_COUNTRY_688,2020,1317.49,A
CHN,MZ,Mozambique,IMF_CNT_COUNTRY_688,2021,1263.6,A
CHN,MZ,Mozambique,IMF_CNT_COUNTRY_688,2022,1180.35,A
CHN,MZ,Mozambique,IMF_CNT_COUNTRY_688,2023,1468.22,A
CHN,MM,Myanmar,IMF_CNT_COUNTRY_518,2018,2886.6,A
CHN,MM,Myanmar,IMF_CNT_COUNTRY_518,2019,1771.52,A
CHN,MM,Myanmar,IMF_CNT_COUNTRY_518,2020,3809.04,A
CHN,MM,Myanmar,IMF_CNT_COUNTRY_518,2021,3988.21,A
CHN,MM,Myanmar,IMF_CNT_COUNTRY_518,2022,3972.52,A
CHN,MM,Myanmar,IMF_CNT_COUNTRY_518,2023,3816.05,A
CHN,,Namibia,IMF_CNT_COUNTRY_728,2018,323.468,A
CHN,,Namibia,IMF_CNT_COUNTRY_728,2019,265.548,A
CHN,,Namibia,IMF_CNT_COUNTRY_728,2020,354.895,A
CHN,,Namibia,IMF_CNT_COUNTRY_728,2021,220.513,A
CHN,,Namibia,IMF_CNT_COUNTRY_728,2022,176.921,A
CHN,,Namibia,IMF_CNT_COUNTRY_728,2023,172.349,A
CHN,NR,Nauru,IMF_CNT_COUNTRY_836,2018,0.0,A
CHN,NR,Nauru,IMF_CNT_COUNTRY_836,2019,0.0,A
CHN,NR,Nauru,IMF_CNT_COUNTRY_836,2020,0.4555,A
CHN,NR,Nauru,IMF_CNT_COUNTRY_836,2021,35.0,A
CHN,NR,Nauru,IMF_CNT_COUNTRY_836,2022,15.6915,A
CHN,NR,Nauru,IMF_CNT_COUNTRY_836,2023,30.031,A
CHN,NP,Nepal,IMF_CNT_COUNTRY_558,2018,248.486,A
CHN,NP,Nepal,IMF_CNT_COUNTRY_558,2019,297.486,A
CHN,NP,Nepal,IMF_CNT_COUNTRY_558,2020,434.704,A
CHN,NP,Nepal,IMF_CNT_COUNTRY_558,2021,463.355,A
CHN,NP,Nepal,IMF_CNT_COUNTRY_558,2022,435.528,A
CHN,NP,Nepal,IMF_CNT_COUNTRY_558,2023,402.608,A
CHN,NL,Netherlands,IMF_CNT_COUNTRY_138,2018,18129.3,A
CHN,NL,Netherlands,IMF_CNT_COUNTRY_138,2019,20807.9,A
CHN,NL,Netherlands,IMF_CNT_COUNTRY_138,2020,26041.3,A
CHN,NL,Netherlands,IMF_CNT_COUNTRY_138,2021,28487.5,A
CHN,NL,Netherlands,IMF_CNT_COUNTRY_138,2022,28301.7,A
CHN,NL,Netherlands,IMF_CNT_COUNTRY_138,2023,31890.3,A
CHN,NZ,New Zealand,IMF_CNT_COUNTRY_196,2018,1817.04,A
CHN,NZ,New Zealand,IMF_CNT_COUNTRY_196,2019,1852.33,A
CHN,NZ,New Zealand,IMF_CNT_COUNTRY_196,2020,2867.84,A
CHN,NZ,New Zealand,IMF_CNT_COUNTRY_196,2021,3128.71,A
CHN,NZ,New Zealand,IMF_CNT_COUNTRY_196,2022,2690.4,A
CHN,NZ,New Zealand,IMF_CNT_COUNTRY_196,2023,2602.4,A
CHN,NI,Nicaragua,IMF_CNT_COUNTRY_278,2018,3.27,A
CHN,NI,Nicaragua,IMF_CNT_COUNTRY_278,2019,3.77,A
CHN,NI,Nicaragua,IMF_CNT_COUNTRY_278,2020,5.9199,A
CHN,NI,Nicaragua,IMF_CNT_COUNTRY_278,2021,6.1634,A
CHN,NI,Nicaragua,IMF_CNT_COUNTRY_278,2022,6.003,A
CHN,NI,Nicaragua,IMF_CNT_COUNTRY_278,2023,6.6619,A
CHN,NE,Niger,IMF_CNT_COUNTRY_692,2018,416.727,A
CHN,NE,Niger,IMF_CNT_COUNTRY_692,2019,494.234,A
CHN,NE,Niger,IMF_CNT_COUNTRY_692,2020,1176.62,A
CHN,NE,Niger,IMF_CNT_COUNTRY_692,2021,1423.9,A
CHN,NE,Niger,IMF_CNT_COUNTRY_692,2022,1853.56,A
CHN,NE,Niger,IMF_CNT_COUNTRY_692,2023,2304.02,A
CHN,NG,Nigeria,IMF_CNT_COUNTRY_694,2018,1252.72,A
CHN,NG,Nigeria,IMF_CNT_COUNTRY_694,2019,1204.72,A
CHN,NG,Nigeria,IMF_CNT_COUNTRY_694,2020,2367.54,A
CHN,NG,Nigeria,IMF_CNT_COUNTRY_694,2021,2695.79,A
CHN,NG,Nigeria,IMF_CNT_COUNTRY_694,2022,2323.99,A
CHN,NG,Nigeria,IMF_CNT_COUNTRY_694,2023,2662.33,A
CHN,F4,North Africa,IMF_CNT_COUNTRY_641,2018,1500.73,A
CHN,F4,North Africa,IMF_CNT_COUNTRY_641,2019,1581.04,A
CHN,F4,North Africa,IMF_CNT_COUNTRY_641,2020,3403.16,A
CHN,F4,North Africa,IMF_CNT_COUNTRY_641,2021,3510.91,A
CHN,F4,North Africa,IMF_CNT_COUNTRY_641,2022,3221.73,A
CHN,F4,North Africa,IMF_CNT_COUNTRY_641,2023,3581.84,A
CHN,A2,North American countries,IMF_CNT_COUNTRY_225,2018,79160.1,A
CHN,A2,North American countries,IMF_CNT_COUNTRY_225,2019,81591.0,A
CHN,A2,North American countries,IMF_CNT_COUNTRY_225,2020,94457.6,A
CHN,A2,North American countries,IMF_CNT_COUNTRY_225,2021,93766.2,A
CHN,A2,North American countries,IMF_CNT_COUNTRY_225,2022,95487.6,A
CHN,A2,North American countries,IMF_CNT_COUNTRY_225,2023,99341.5,A
CHN,MK,"North Macedonia, Republic of ",IMF_CNT_COUNTRY_962,2018,2.03,A
CHN,MK,"North Macedonia, Republic of ",IMF_CNT_COUNTRY_962,2019,2.03,A
CHN,MK,"North Macedonia, Republic of ",IMF_CNT_COUNTRY_962,2020,17.1019,A
CHN,MK,"North Macedonia, Republic of ",IMF_CNT_COUNTRY_962,2021,17.93,A
CHN,MK,"North Macedonia, Republic of ",IMF_CNT_COUNTRY_962,2022,16.331,A
CHN,MK,"North Macedonia, Republic of ",IMF_CNT_COUNTRY_962,2023,10.8639,A
CHN,NO,Norway,IMF_CNT_COUNTRY_142,2018,519.681,A
CHN,NO,Norway,IMF_CNT_COUNTRY_142,2019,510.716,A
CHN,NO,Norway,IMF_CNT_COUNTRY_142,2020,1042.58,A
CHN,NO,Norway,IMF_CNT_COUNTRY_142,2021,27.1777,A
CHN,NO,Norway,IMF_CNT_COUNTRY_142,2022,19.3054,A
CHN,NO,Norway,IMF_CNT_COUNTRY_142,2023,29.1293,A
CHN,O2,Oceania and Polar Regions,IMF_CNT_COUNTRY_837,2018,28346.0,A
CHN,O2,Oceania and Polar Regions,IMF_CNT_COUNTRY_837,2019,28425.5,A
CHN,O2,Oceania and Polar Regions,IMF_CNT_COUNTRY_837,2020,40106.8,A
CHN,O2,Oceania and Polar Regions,IMF_CNT_COUNTRY_837,2021,40188.0,A
CHN,O2,Oceania and Polar Regions,IMF_CNT_COUNTRY_837,2022,41640.3,A
CHN,O2,Oceania and Polar Regions,IMF_CNT_COUNTRY_837,2023,39853.2,A
CHN,OM,Oman,IMF_CNT_COUNTRY_449,2018,66.1952,A
CHN,OM,Oman,IMF_CNT_COUNTRY_449,2019,50.6548,A
CHN,OM,Oman,IMF_CNT_COUNTRY_449,2020,236.981,A
CHN,OM,Oman,IMF_CNT_COUNTRY_449,2021,285.299,A
CHN,OM,Oman,IMF_CNT_COUNTRY_449,2022,267.602,A
CHN,OM,Oman,IMF_CNT_COUNTRY_449,2023,220.373,A
CHN,S37,Other Near and Middle East countries,IMF_CNT_COUNTRY_454,2018,3743.21,A
CHN,S37,Other Near and Middle East countries,IMF_CNT_COUNTRY_454,2019,4224.63,A
CHN,S37,Other Near and Middle East countries,IMF_CNT_COUNTRY_454,2020,5369.37,A
CHN,S37,Other Near and Middle East countries,IMF_CNT_COUNTRY_454,2021,5015.68,A
CHN,S37,Other Near and Middle East countries,IMF_CNT_COUNTRY_454,2022,5066.92,A
CHN,S37,Other Near and Middle East countries,IMF_CNT_COUNTRY_454,2023,4740.09,A
CHN,PK,Pakistan,IMF_CNT_COUNTRY_564,2018,3614.01,A
CHN,PK,Pakistan,IMF_CNT_COUNTRY_564,2019,3927.06,A
CHN,PK,Pakistan,IMF_CNT_COUNTRY_564,2020,6218.94,A
CHN,PK,Pakistan,IMF_CNT_COUNTRY_564,2021,7485.38,A
CHN,PK,Pakistan,IMF_CNT_COUNTRY_564,2022,6822.51,A
CHN,PK,Pakistan,IMF_CNT_COUNTRY_564,2023,6302.24,A
CHN,PW,Palau,IMF_CNT_COUNTRY_565,2018,11.8207,A
CHN,PW,Palau,IMF_CNT_COUNTRY_565,2019,18.527,A
CHN,PW,Palau,IMF_CNT_COUNTRY_565,2020,18.527,A
CHN,PW,Palau,IMF_CNT_COUNTRY_565,2021,18.4984,A
CHN,PW,Palau,IMF_CNT_COUNTRY_565,2022,18.3725,A
CHN,PW,Palau,IMF_CNT_COUNTRY_565,2023,18.0921,A
CHN,PA,Panama,IMF_CNT_COUNTRY_283,2018,290.427,A
CHN,PA,Panama,IMF_CNT_COUNTRY_283,2019,329.004,A
CHN,PA,Panama,IMF_CNT_COUNTRY_283,2020,676.519,A
CHN,PA,Panama,IMF_CNT_COUNTRY_283,2021,1001.99,A
CHN,PA,Panama,IMF_CNT_COUNTRY_283,2022,1162.85,A
CHN,PA,Panama,IMF_CNT_COUNTRY_283,2023,1402.16,A
CHN,PG,Papua New Guinea,IMF_CNT_COUNTRY_853,2018,713.306,A
CHN,PG,Papua New Guinea,IMF_CNT_COUNTRY_853,2019,721.74,A
CHN,PG,Papua New Guinea,IMF_CNT_COUNTRY_853,2020,1785.0,A
CHN,PG,Papua New Guinea,IMF_CNT_COUNTRY_853,2021,1556.66,A
CHN,PG,Papua New Guinea,IMF_CNT_COUNTRY_853,2022,1677.04,A
CHN,PG,Papua New Guinea,IMF_CNT_COUNTRY_853,2023,1336.31,A
CHN,PY,Paraguay,IMF_CNT_COUNTRY_288,2018,0.84,A
CHN,PY,Paraguay,IMF_CNT_COUNTRY_288,2019,0.0,A
CHN,PY,Paraguay,IMF_CNT_COUNTRY_288,2020,0.68,A
CHN,PY,Paraguay,IMF_CNT_COUNTRY_288,2021,3.6895,A
CHN,PY,Paraguay,IMF_CNT_COUNTRY_288,2022,2.4,A
CHN,PY,Paraguay,IMF_CNT_COUNTRY_288,2023,3.4459,A
CHN,PE,Peru,IMF_CNT_COUNTRY_293,2018,833.659,A
CHN,PE,Peru,IMF_CNT_COUNTRY_293,2019,1268.55,A
CHN,PE,Peru,IMF_CNT_COUNTRY_293,2020,1705.11,A
CHN,PE,Peru,IMF_CNT_COUNTRY_293,2021,2181.37,A
CHN,PE,Peru,IMF_CNT_COUNTRY_293,2022,2309.53,A
CHN,PE,Peru,IMF_CNT_COUNTRY_293,2023,2350.21,A
CHN,PH,Philippines,IMF_CNT_COUNTRY_566,2018,572.209,A
CHN,PH,Philippines,IMF_CNT_COUNTRY_566,2019,490.883,A
CHN,PH,Philippines,IMF_CNT_COUNTRY_566,2020,767.129,A
CHN,PH,Philippines,IMF_CNT_COUNTRY_566,2021,883.896,A
CHN,PH,Philippines,IMF_CNT_COUNTRY_566,2022,1112.83,A
CHN,PH,Philippines,IMF_CNT_COUNTRY_566,2023,1193.25,A
CHN,PL,Poland,IMF_CNT_COUNTRY_964,2018,357.756,A
CHN,PL,Poland,IMF_CNT_COUNTRY_964,2019,394.042,A
CHN,PL,Poland,IMF_CNT_COUNTRY_964,2020,682.307,A
CHN,PL,Poland,IMF_CNT_COUNTRY_964,2021,535.756,A
CHN,PL,Poland,IMF_CNT_COUNTRY_964,2022,645.097,A
CHN,PL,Poland,IMF_CNT_COUNTRY_964,2023,789.423,A
CHN,PT,Portugal,IMF_CNT_COUNTRY_182,2018,105.768,A
CHN,PT,Portugal,IMF_CNT_COUNTRY_182,2019,57.8111,A
CHN,PT,Portugal,IMF_CNT_COUNTRY_182,2020,45.7822,A
CHN,PT,Portugal,IMF_CNT_COUNTRY_182,2021,29.2141,A
CHN,PT,Portugal,IMF_CNT_COUNTRY_182,2022,25.0316,A
CHN,PT,Portugal,IMF_CNT_COUNTRY_182,2023,53.3104,A
CHN,QA,Qatar,IMF_CNT_COUNTRY_453,2018,225.771,A
CHN,QA,Qatar,IMF_CNT_COUNTRY_453,2019,248.768,A
CHN,QA,Qatar,IMF_CNT_COUNTRY_453,2020,618.507,A
CHN,QA,Qatar,IMF_CNT_COUNTRY_453,2021,789.456,A
CHN,QA,Qatar,IMF_CNT_COUNTRY_453,2022,943.908,A
CHN,QA,Qatar,IMF_CNT_COUNTRY_453,2023,760.449,A
CHN,RO,Romania,IMF_CNT_COUNTRY_968,2018,183.506,A
CHN,RO,Romania,IMF_CNT_COUNTRY_968,2019,317.54,A
CHN,RO,Romania,IMF_CNT_COUNTRY_968,2020,313.162,A
CHN,RO,Romania,IMF_CNT_COUNTRY_968,2021,220.115,A
CHN,RO,Romania,IMF_CNT_COUNTRY_968,2022,220.217,A
CHN,RO,Romania,IMF_CNT_COUNTRY_968,2023,234.691,A
CHN,RU,Russian Federation,IMF_CNT_COUNTRY_922,2018,6577.62,A
CHN,RU,Russian Federation,IMF_CNT_COUNTRY_922,2019,6024.37,A
CHN,RU,Russian Federation,IMF_CNT_COUNTRY_922,2020,12070.9,A
CHN,RU,Russian Federation,IMF_CNT_COUNTRY_922,2021,10644.1,A
CHN,RU,Russian Federation,IMF_CNT_COUNTRY_922,2022,9901.55,A
CHN,RU,Russian Federation,IMF_CNT_COUNTRY_922,2023,10668.2,A
CHN,RW,Rwanda,IMF_CNT_COUNTRY_714,2018,13.1236,A
CHN,RW,Rwanda,IMF_CNT_COUNTRY_714,2019,14.2644,A
CHN,RW,Rwanda,IMF_CNT_COUNTRY_714,2020,170.796,A
CHN,RW,Rwanda,IMF_CNT_COUNTRY_714,2021,203.095,A
CHN,RW,Rwanda,IMF_CNT_COUNTRY_714,2022,181.88,A
CHN,RW,Rwanda,IMF_CNT_COUNTRY_714,2023,173.629,A
CHN,LC,Saint Lucia,IMF_CNT_COUNTRY_362,2018,4.7333,A
CHN,LC,Saint Lucia,IMF_CNT_COUNTRY_362,2019,4.1533,A
CHN,LC,Saint Lucia,IMF_CNT_COUNTRY_362,2020,4.1533,A
CHN,LC,Saint Lucia,IMF_CNT_COUNTRY_362,2021,4.1533,A
CHN,LC,Saint Lucia,IMF_CNT_COUNTRY_362,2022,4.1533,A
CHN,LC,Saint Lucia,IMF_CNT_COUNTRY_362,2023,4.1533,A
CHN,VC,Saint Vincent and the Grenadines,IMF_CNT_COUNTRY_364,2018,43.7418,A
CHN,VC,Saint Vincent and the Grenadines,IMF_CNT_COUNTRY_364,2019,43.208,A
CHN,VC,Saint Vincent and the Grenadines,IMF_CNT_COUNTRY_364,2020,40.2868,A
CHN,VC,Saint Vincent and the Grenadines,IMF_CNT_COUNTRY_364,2021,39.9439,A
CHN,VC,Saint Vincent and the Grenadines,IMF_CNT_COUNTRY_364,2022,36.7589,A
CHN,VC,Saint Vincent and the Grenadines,IMF_CNT_COUNTRY_364,2023,31.7917,A
CHN,WS,Samoa,IMF_CNT_COUNTRY_862,2018,479.028,A
CHN,WS,Samoa,IMF_CNT_COUNTRY_862,2019,476.79,A
CHN,WS,Samoa,IMF_CNT_COUNTRY_862,2020,450.299,A
CHN,WS,Samoa,IMF_CNT_COUNTRY_862,2021,492.887,A
CHN,WS,Samoa,IMF_CNT_COUNTRY_862,2022,597.686,A
CHN,WS,Samoa,IMF_CNT_COUNTRY_862,2023,550.192,A
CHN,ST,Sao Tome and Principe,IMF_CNT_COUNTRY_716,2018,0.384,A
CHN,ST,Sao Tome and Principe,IMF_CNT_COUNTRY_716,2019,0.44,A
CHN,ST,Sao Tome and Principe,IMF_CNT_COUNTRY_716,2020,1.99,A
CHN,ST,Sao Tome and Principe,IMF_CNT_COUNTRY_716,2021,0.69,A
CHN,ST,Sao Tome and Principe,IMF_CNT_COUNTRY_716,2022,0.51,A
CHN,ST,Sao Tome and Principe,IMF_CNT_COUNTRY_716,2023,0.0,A
CHN,SA,Saudi Arabia,IMF_CNT_COUNTRY_456,2018,484.412,A
CHN,SA,Saudi Arabia,IMF_CNT_COUNTRY_456,2019,511.965,A
CHN,SA,Saudi Arabia,IMF_CNT_COUNTRY_456,2020,2930.91,A
CHN,SA,Saudi Arabia,IMF_CNT_COUNTRY_456,2021,3524.19,A
CHN,SA,Saudi Arabia,IMF_CNT_COUNTRY_456,2022,3007.96,A
CHN,SA,Saudi Arabia,IMF_CNT_COUNTRY_456,2023,3185.94,A
CHN,SN,Senegal,IMF_CNT_COUNTRY_722,2018,254.229,A
CHN,SN,Senegal,IMF_CNT_COUNTRY_722,2019,180.027,A
CHN,SN,Senegal,IMF_CNT_COUNTRY_722,2020,426.761,A
CHN,SN,Senegal,IMF_CNT_COUNTRY_722,2021,438.849,A
CHN,SN,Senegal,IMF_CNT_COUNTRY_722,2022,176.809,A
CHN,SN,Senegal,IMF_CNT_COUNTRY_722,2023,202.493,A
CHN,RS,Serbia,IMF_CNT_COUNTRY_942,2018,139.166,A
CHN,RS,Serbia,IMF_CNT_COUNTRY_942,2019,112.678,A
CHN,RS,Serbia,IMF_CNT_COUNTRY_942,2020,310.566,A
CHN,RS,Serbia,IMF_CNT_COUNTRY_942,2021,482.293,A
CHN,RS,Serbia,IMF_CNT_COUNTRY_942,2022,557.46,A
CHN,RS,Serbia,IMF_CNT_COUNTRY_942,2023,1088.4,A
CHN,SC,Seychelles,IMF_CNT_COUNTRY_718,2018,389.263,A
CHN,SC,Seychelles,IMF_CNT_COUNTRY_718,2019,385.244,A
CHN,SC,Seychelles,IMF_CNT_COUNTRY_718,2020,439.512,A
CHN,SC,Seychelles,IMF_CNT_COUNTRY_718,2021,492.69,A
CHN,SC,Seychelles,IMF_CNT_COUNTRY_718,2022,486.139,A
CHN,SC,Seychelles,IMF_CNT_COUNTRY_718,2023,532.025,A
CHN,SL,Sierra Leone,IMF_CNT_COUNTRY_724,2018,93.9146,A
CHN,SL,Sierra Leone,IMF_CNT_COUNTRY_724,2019,95.2693,A
CHN,SL,Sierra Leone,IMF_CNT_COUNTRY_724,2020,134.173,A
CHN,SL,Sierra Leone,IMF_CNT_COUNTRY_724,2021,106.44,A
CHN,SL,Sierra Leone,IMF_CNT_COUNTRY_724,2022,87.4954,A
CHN,SL,Sierra Leone,IMF_CNT_COUNTRY_724,2023,89.6936,A
CHN,SG,Singapore,IMF_CNT_COUNTRY_576,2018,35970.3,A
CHN,SG,Singapore,IMF_CNT_COUNTRY_576,2019,38105.2,A
CHN,SG,Singapore,IMF_CNT_COUNTRY_576,2020,59857.8,A
CHN,SG,Singapore,IMF_CNT_COUNTRY_576,2021,67202.3,A
CHN,SG,Singapore,IMF_CNT_COUNTRY_576,2022,73449.9,A
CHN,SG,Singapore,IMF_CNT_COUNTRY_576,2023,86446.8,A
CHN,SK,Slovakia,IMF_CNT_COUNTRY_936,2018,99.2865,A
CHN,SK,Slovakia,IMF_CNT_COUNTRY_936,2019,82.7445,A
CHN,SK,Slovakia,IMF_CNT_COUNTRY_936,2020,82.869,A
CHN,SK,Slovakia,IMF_CNT_COUNTRY_936,2021,4.4104,A
CHN,SK,Slovakia,IMF_CNT_COUNTRY_936,2022,4.3329,A
CHN,SK,Slovakia,IMF_CNT_COUNTRY_936,2023,3.5436,A
CHN,SI,Slovenia,IMF_CNT_COUNTRY_961,2018,40.0875,A
CHN,SI,Slovenia,IMF_CNT_COUNTRY_961,2019,189.605,A
CHN,SI,Slovenia,IMF_CNT_COUNTRY_961,2020,46.8011,A
CHN,SI,Slovenia,IMF_CNT_COUNTRY_961,2021,50.1816,A
CHN,SI,Slovenia,IMF_CNT_COUNTRY_961,2022,473.492,A
CHN,SI,Slovenia,IMF_CNT_COUNTRY_961,2023,545.624,A
CHN,SB,Solomon Islands,IMF_CNT_COUNTRY_813,2018,0.0,A
CHN,SB,Solomon Islands,IMF_CNT_COUNTRY_813,2019,0.1,A
CHN,SB,Solomon Islands,IMF_CNT_COUNTRY_813,2020,6.8576,A
CHN,SB,Solomon Islands,IMF_CNT_COUNTRY_813,2021,3.3836,A
CHN,SB,Solomon Islands,IMF_CNT_COUNTRY_813,2022,1.8477,A
CHN,SB,Solomon Islands,IMF_CNT_COUNTRY_813,2023,46.9924,A
CHN,ZA,South Africa,IMF_CNT_COUNTRY_199,2018,5999.56,A
CHN,ZA,South Africa,IMF_CNT_COUNTRY_199,2019,5856.01,A
CHN,ZA,South Africa,IMF_CNT_COUNTRY_199,2020,5417.22,A
CHN,ZA,South Africa,IMF_CNT_COUNTRY_199,2021,5294.17,A
CHN,ZA,South Africa,IMF_CNT_COUNTRY_199,2022,5741.69,A
CHN,ZA,South Africa,IMF_CNT_COUNTRY_199,2023,5841.64,A
CHN,A7,South American countries,IMF_CNT_COUNTRY_227,2018,8948.06,A
CHN,A7,South American countries,IMF_CNT_COUNTRY_227,2019,9271.84,A
CHN,A7,South American countries,IMF_CNT_COUNTRY_227,2020,12983.8,A
CHN,A7,South American countries,IMF_CNT_COUNTRY_227,2021,10564.7,A
CHN,A7,South American countries,IMF_CNT_COUNTRY_227,2022,11098.3,A
CHN,A7,South American countries,IMF_CNT_COUNTRY_227,2023,12053.4,A
CHN,SS,South Sudan,IMF_CNT_COUNTRY_733,2018,10.3819,A
CHN,SS,South Sudan,IMF_CNT_COUNTRY_733,2019,6.5328,A
CHN,SS,South Sudan,IMF_CNT_COUNTRY_733,2020,25.5967,A
CHN,SS,South Sudan,IMF_CNT_COUNTRY_733,2021,80.7196,A
CHN,SS,South Sudan,IMF_CNT_COUNTRY_733,2022,56.7368,A
CHN,SS,South Sudan,IMF_CNT_COUNTRY_733,2023,61.2493,A
CHN,ES,Spain,IMF_CNT_COUNTRY_184,2018,828.959,A
CHN,ES,Spain,IMF_CNT_COUNTRY_184,2019,980.547,A
CHN,ES,Spain,IMF_CNT_COUNTRY_184,2020,1109.5,A
CHN,ES,Spain,IMF_CNT_COUNTRY_184,2021,1136.52,A
CHN,ES,Spain,IMF_CNT_COUNTRY_184,2022,1185.81,A
CHN,ES,Spain,IMF_CNT_COUNTRY_184,2023,1693.86,A
CHN,LK,Sri Lanka,IMF_CNT_COUNTRY_524,2018,250.621,A
CHN,LK,Sri Lanka,IMF_CNT_COUNTRY_524,2019,242.154,A
CHN,LK,Sri Lanka,IMF_CNT_COUNTRY_524,2020,523.419,A
CHN,LK,Sri Lanka,IMF_CNT_COUNTRY_524,2021,639.757,A
CHN,LK,Sri Lanka,IMF_CNT_COUNTRY_524,2022,528.619,A
CHN,LK,Sri Lanka,IMF_CNT_COUNTRY_524,2023,524.185,A
CHN,F6,Sub-Saharan Africa,IMF_CNT_COUNTRY_653,2018,24767.4,A
CHN,F6,Sub-Saharan Africa,IMF_CNT_COUNTRY_653,2019,23226.1,A
CHN,F6,Sub-Saharan Africa,IMF_CNT_COUNTRY_653,2020,39996.0,A
CHN,F6,Sub-Saharan Africa,IMF_CNT_COUNTRY_653,2021,40675.3,A
CHN,F6,Sub-Saharan Africa,IMF_CNT_COUNTRY_653,2022,37679.4,A
CHN,F6,Sub-Saharan Africa,IMF_CNT_COUNTRY_653,2023,38533.5,A
CHN,SD,Sudan,IMF_CNT_COUNTRY_732,2018,697.664,A
CHN,SD,Sudan,IMF_CNT_COUNTRY_732,2019,669.079,A
CHN,SD,Sudan,IMF_CNT_COUNTRY_732,2020,1120.3,A
CHN,SD,Sudan,IMF_CNT_COUNTRY_732,2021,1115.52,A
CHN,SD,Sudan,IMF_CNT_COUNTRY_732,2022,885.946,A
CHN,SD,Sudan,IMF_CNT_COUNTRY_732,2023,952.143,A
CHN,SR,Suriname,IMF_CNT_COUNTRY_366,2018,85.0441,A
CHN,SR,Suriname,IMF_CNT_COUNTRY_366,2019,121.754,A
CHN,SR,Suriname,IMF_CNT_COUNTRY_366,2020,92.0841,A
CHN,SR,Suriname,IMF_CNT_COUNTRY_366,2021,37.7453,A
CHN,SR,Suriname,IMF_CNT_COUNTRY_366,2022,81.7789,A
CHN,SR,Suriname,IMF_CNT_COUNTRY_366,2023,84.733,A
CHN,SE,Sweden,IMF_CNT_COUNTRY_144,2018,6884.72,A
CHN,SE,Sweden,IMF_CNT_COUNTRY_144,2019,8570.04,A
CHN,SE,Sweden,IMF_CNT_COUNTRY_144,2020,10601.5,A
CHN,SE,Sweden,IMF_CNT_COUNTRY_144,2021,17032.0,A
CHN,SE,Sweden,IMF_CNT_COUNTRY_144,2022,18674.8,A
CHN,SE,Sweden,IMF_CNT_COUNTRY_144,2023,13457.7,A
CHN,CH,Switzerland,IMF_CNT_COUNTRY_146,2018,4747.68,A
CHN,CH,Switzerland,IMF_CNT_COUNTRY_146,2019,5445.56,A
CHN,CH,Switzerland,IMF_CNT_COUNTRY_146,2020,6759.61,A
CHN,CH,Switzerland,IMF_CNT_COUNTRY_146,2021,6949.56,A
CHN,CH,Switzerland,IMF_CNT_COUNTRY_146,2022,8269.09,A
CHN,CH,Switzerland,IMF_CNT_COUNTRY_146,2023,2110.39,A
CHN,SY,Syrian Arab Republic,IMF_CNT_COUNTRY_463,2018,0.811,A
CHN,SY,Syrian Arab Republic,IMF_CNT_COUNTRY_463,2019,0.811,A
CHN,SY,Syrian Arab Republic,IMF_CNT_COUNTRY_463,2020,14.0579,A
CHN,SY,Syrian Arab Republic,IMF_CNT_COUNTRY_463,2021,13.92,A
CHN,SY,Syrian Arab Republic,IMF_CNT_COUNTRY_463,2022,13.24,A
CHN,SY,Syrian Arab Republic,IMF_CNT_COUNTRY_463,2023,1.9736,A
CHN,TW,"Taiwan, Province of China",IMF_CNT_COUNTRY_528,2018,1324.84,A
CHN,TW,"Taiwan, Province of China",IMF_CNT_COUNTRY_528,2019,1213.35,A
CHN,TW,"Taiwan, Province of China",IMF_CNT_COUNTRY_528,2020,1528.09,A
CHN,TW,"Taiwan, Province of China",IMF_CNT_COUNTRY_528,2021,1644.33,A
CHN,TW,"Taiwan, Province of China",IMF_CNT_COUNTRY_528,2022,1676.79,A
CHN,TW,"Taiwan, Province of China",IMF_CNT_COUNTRY_528,2023,1610.91,A
CHN,TJ,Tajikistan,IMF_CNT_COUNTRY_923,2018,781.284,A
CHN,TJ,Tajikistan,IMF_CNT_COUNTRY_923,2019,523.956,A
CHN,TJ,Tajikistan,IMF_CNT_COUNTRY_923,2020,1568.01,A
CHN,TJ,Tajikistan,IMF_CNT_COUNTRY_923,2021,1627.22,A
CHN,TJ,Tajikistan,IMF_CNT_COUNTRY_923,2022,1892.89,A
CHN,TJ,Tajikistan,IMF_CNT_COUNTRY_923,2023,2288.87,A
CHN,TZ,"Tanzania, United Republic of",IMF_CNT_COUNTRY_738,2018,606.33,A
CHN,TZ,"Tanzania, United Republic of",IMF_CNT_COUNTRY_738,2019,582.806,A
CHN,TZ,"Tanzania, United Republic of",IMF_CNT_COUNTRY_738,2020,1541.0,A
CHN,TZ,"Tanzania, United Republic of",IMF_CNT_COUNTRY_738,2021,1577.07,A
CHN,TZ,"Tanzania, United Republic of",IMF_CNT_COUNTRY_738,2022,1440.82,A
CHN,TZ,"Tanzania, United Republic of",IMF_CNT_COUNTRY_738,2023,1524.98,A
CHN,TH,Thailand,IMF_CNT_COUNTRY_578,2018,4848.61,A
CHN,TH,Thailand,IMF_CNT_COUNTRY_578,2019,6113.63,A
CHN,TH,Thailand,IMF_CNT_COUNTRY_578,2020,8825.55,A
CHN,TH,Thailand,IMF_CNT_COUNTRY_578,2021,9917.21,A
CHN,TH,Thailand,IMF_CNT_COUNTRY_578,2022,10567.8,A
CHN,TH,Thailand,IMF_CNT_COUNTRY_578,2023,12657.4,A
CHN,TL,Timor-Leste,IMF_CNT_COUNTRY_537,2018,30.5469,A
CHN,TL,Timor-Leste,IMF_CNT_COUNTRY_537,2019,30.5546,A
CHN,TL,Timor-Leste,IMF_CNT_COUNTRY_537,2020,129.18,A
CHN,TL,Timor-Leste,IMF_CNT_COUNTRY_537,2021,101.399,A
CHN,TL,Timor-Leste,IMF_CNT_COUNTRY_537,2022,95.2838,A
CHN,TL,Timor-Leste,IMF_CNT_COUNTRY_537,2023,49.5506,A
CHN,TG,Togo,IMF_CNT_COUNTRY_742,2018,57.5918,A
CHN,TG,Togo,IMF_CNT_COUNTRY_742,2019,51.4011,A
CHN,TG,Togo,IMF_CNT_COUNTRY_742,2020,99.4464,A
CHN,TG,Togo,IMF_CNT_COUNTRY_742,2021,67.2816,A
CHN,TG,Togo,IMF_CNT_COUNTRY_742,2022,55.9858,A
CHN,TG,Togo,IMF_CNT_COUNTRY_742,2023,54.8534,A
CHN,TO,Tonga,IMF_CNT_COUNTRY_866,2018,8.9197,A
CHN,TO,Tonga,IMF_CNT_COUNTRY_866,2019,10.0089,A
CHN,TO,Tonga,IMF_CNT_COUNTRY_866,2020,11.9265,A
CHN,TO,Tonga,IMF_CNT_COUNTRY_866,2021,29.4085,A
CHN,TO,Tonga,IMF_CNT_COUNTRY_866,2022,10.5478,A
CHN,TO,Tonga,IMF_CNT_COUNTRY_866,2023,30.2975,A
CHN,TT,Trinidad and Tobago,IMF_CNT_COUNTRY_369,2018,574.583,A
CHN,TT,Trinidad and Tobago,IMF_CNT_COUNTRY_369,2019,596.529,A
CHN,TT,Trinidad and Tobago,IMF_CNT_COUNTRY_369,2020,633.532,A
CHN,TT,Trinidad and Tobago,IMF_CNT_COUNTRY_369,2021,112.513,A
CHN,TT,Trinidad and Tobago,IMF_CNT_COUNTRY_369,2022,91.9787,A
CHN,TT,Trinidad and Tobago,IMF_CNT_COUNTRY_369,2023,112.321,A
CHN,TN,Tunisia,IMF_CNT_COUNTRY_744,2018,7.471,A
CHN,TN,Tunisia,IMF_CNT_COUNTRY_744,2019,2.641,A
CHN,TN,Tunisia,IMF_CNT_COUNTRY_744,2020,29.09,A
CHN,TN,Tunisia,IMF_CNT_COUNTRY_744,2021,33.4686,A
CHN,TN,Tunisia,IMF_CNT_COUNTRY_744,2022,26.1999,A
CHN,TN,Tunisia,IMF_CNT_COUNTRY_744,2023,8.7545,A
CHN,TM,Turkmenistan,IMF_CNT_COUNTRY_925,2018,189.749,A
CHN,TM,Turkmenistan,IMF_CNT_COUNTRY_925,2019,168.005,A
CHN,TM,Turkmenistan,IMF_CNT_COUNTRY_925,2020,336.474,A
CHN,TM,Turkmenistan,IMF_CNT_COUNTRY_925,2021,294.17,A
CHN,TM,Turkmenistan,IMF_CNT_COUNTRY_925,2022,225.237,A
CHN,TM,Turkmenistan,IMF_CNT_COUNTRY_925,2023,424.279,A
CHN,TR,Türkiye,IMF_CNT_COUNTRY_186,2018,1601.54,A
CHN,TR,Türkiye,IMF_CNT_COUNTRY_186,2019,1581.01,A
CHN,TR,Türkiye,IMF_CNT_COUNTRY_186,2020,2151.87,A
CHN,TR,Türkiye,IMF_CNT_COUNTRY_186,2021,1921.36,A
CHN,TR,Türkiye,IMF_CNT_COUNTRY_186,2022,3003.56,A
CHN,TR,Türkiye,IMF_CNT_COUNTRY_186,2023,3016.88,A
CHN,UG,Uganda,IMF_CNT_COUNTRY_746,2018,437.765,A
CHN,UG,Uganda,IMF_CNT_COUNTRY_746,2019,381.99,A
CHN,UG,Uganda,IMF_CNT_COUNTRY_746,2020,711.959,A
CHN,UG,Uganda,IMF_CNT_COUNTRY_746,2021,633.122,A
CHN,UG,Uganda,IMF_CNT_COUNTRY_746,2022,692.443,A
CHN,UG,Uganda,IMF_CNT_COUNTRY_746,2023,586.03,A
CHN,UA,Ukraine,IMF_CNT_COUNTRY_926,2018,63.2089,A
CHN,UA,Ukraine,IMF_CNT_COUNTRY_926,2019,65.9057,A
CHN,UA,Ukraine,IMF_CNT_COUNTRY_926,2020,190.345,A
CHN,UA,Ukraine,IMF_CNT_COUNTRY_926,2021,136.933,A
CHN,UA,Ukraine,IMF_CNT_COUNTRY_926,2022,80.3619,A
CHN,UA,Ukraine,IMF_CNT_COUNTRY_926,2023,96.5383,A
CHN,AE,United Arab Emirates,IMF_CNT_COUNTRY_466,2018,4938.73,A
CHN,AE,United Arab Emirates,IMF_CNT_COUNTRY_466,2019,5871.48,A
CHN,AE,United Arab Emirates,IMF_CNT_COUNTRY_466,2020,9283.23,A
CHN,AE,United Arab Emirates,IMF_CNT_COUNTRY_466,2021,9844.94,A
CHN,AE,United Arab Emirates,IMF_CNT_COUNTRY_466,2022,11884.7,A
CHN,AE,United Arab Emirates,IMF_CNT_COUNTRY_466,2023,8909.78,A
CHN,GB,United Kingdom,IMF_CNT_COUNTRY_112,2018,16541.7,A
CHN,GB,United Kingdom,IMF_CNT_COUNTRY_112,2019,12610.3,A
CHN,GB,United Kingdom,IMF_CNT_COUNTRY_112,2020,15969.3,A
CHN,GB,United Kingdom,IMF_CNT_COUNTRY_112,2021,16965.9,A
CHN,GB,United Kingdom,IMF_CNT_COUNTRY_112,2022,17183.3,A
CHN,GB,United Kingdom,IMF_CNT_COUNTRY_112,2023,26668.0,A
CHN,US,United States,IMF_CNT_COUNTRY_111,2018,67037.7,A
CHN,US,United States,IMF_CNT_COUNTRY_111,2019,67854.7,A
CHN,US,United States,IMF_CNT_COUNTRY_111,2020,80047.7,A
CHN,US,United States,IMF_CNT_COUNTRY_111,2021,77172.4,A
CHN,US,United States,IMF_CNT_COUNTRY_111,2022,79171.9,A
CHN,US,United States,IMF_CNT_COUNTRY_111,2023,83694.3,A
CHN,UY,Uruguay,IMF_CNT_COUNTRY_298,2018,214.52,A
CHN,UY,Uruguay,IMF_CNT_COUNTRY_298,2019,189.891,A
CHN,UY,Uruguay,IMF_CNT_COUNTRY_298,2020,185.132,A
CHN,UY,Uruguay,IMF_CNT_COUNTRY_298,2021,217.871,A
CHN,UY,Uruguay,IMF_CNT_COUNTRY_298,2022,229.242,A
CHN,UY,Uruguay,IMF_CNT_COUNTRY_298,2023,213.693,A
CHN,UZ,Uzbekistan,IMF_CNT_COUNTRY_927,2018,845.092,A
CHN,UZ,Uzbekistan,IMF_CNT_COUNTRY_927,2019,1010.48,A
CHN,UZ,Uzbekistan,IMF_CNT_COUNTRY_927,2020,3264.64,A
CHN,UZ,Uzbekistan,IMF_CNT_COUNTRY_927,2021,2807.72,A
CHN,UZ,Uzbekistan,IMF_CNT_COUNTRY_927,2022,4508.13,A
CHN,UZ,Uzbekistan,IMF_CNT_COUNTRY_927,2023,2474.96,A
CHN,VU,Vanuatu,IMF_CNT_COUNTRY_846,2018,128.027,A
CHN,VU,Vanuatu,IMF_CNT_COUNTRY_846,2019,87.5555,A
CHN,VU,Vanuatu,IMF_CNT_COUNTRY_846,2020,129.174,A
CHN,VU,Vanuatu,IMF_CNT_COUNTRY_846,2021,90.4167,A
CHN,VU,Vanuatu,IMF_CNT_COUNTRY_846,2022,67.7936,A
CHN,VU,Vanuatu,IMF_CNT_COUNTRY_846,2023,82.4542,A
CHN,VE,"Venezuela, Bolivarian Republic",IMF_CNT_COUNTRY_299,2018,2395.99,A
CHN,VE,"Venezuela, Bolivarian Republic",IMF_CNT_COUNTRY_299,2019,2169.81,A
CHN,VE,"Venezuela, Bolivarian Republic",IMF_CNT_COUNTRY_299,2020,2961.04,A
CHN,VE,"Venezuela, Bolivarian Republic",IMF_CNT_COUNTRY_299,2021,587.718,A
CHN,VE,"Venezuela, Bolivarian Republic",IMF_CNT_COUNTRY_299,2022,468.514,A
CHN,VE,"Venezuela, Bolivarian Republic",IMF_CNT_COUNTRY_299,2023,569.501,A
CHN,VN,Viet Nam,IMF_CNT_COUNTRY_582,2018,4766.08,A
CHN,VN,Viet Nam,IMF_CNT_COUNTRY_582,2019,5905.77,A
CHN,VN,Viet Nam,IMF_CNT_COUNTRY_582,2020,8574.57,A
CHN,VN,Viet Nam,IMF_CNT_COUNTRY_582,2021,10852.1,A
CHN,VN,Viet Nam,IMF_CNT_COUNTRY_582,2022,11660.7,A
CHN,VN,Viet Nam,IMF_CNT_COUNTRY_582,2023,13594.0,A
CHN,VG,"Virgin Islands, British",IMF_CNT_COUNTRY_371,2018,119658.0,A
CHN,VG,"Virgin Islands, British",IMF_CNT_COUNTRY_371,2019,127297.0,A
CHN,VG,"Virgin Islands, British",IMF_CNT_COUNTRY_371,2020,155645.0,A
CHN,VG,"Virgin Islands, British",IMF_CNT_COUNTRY_371,2021,447477.0,A
CHN,VG,"Virgin Islands, British",IMF_CNT_COUNTRY_371,2022,367281.0,A
CHN,VG,"Virgin Islands, British",IMF_CNT_COUNTRY_371,2023,358894.0,A
CHN,W00,World,IMF_CNT_COUNTRY_1,2018,1982270.0,A
CHN,W00,World,IMF_CNT_COUNTRY_1,2019,2198880.0,A
CHN,W00,World,IMF_CNT_COUNTRY_1,2020,2580660.0,A
CHN,W00,World,IMF_CNT_COUNTRY_1,2021,2785150.0,A
CHN,W00,World,IMF_CNT_COUNTRY_1,2022,2754810.0,A
CHN,W00,World,IMF_CNT_COUNTRY_1,2023,2955400.0,A
CHN,YE,Yemen,IMF_CNT_COUNTRY_474,2018,0.1013,A
CHN,YE,Yemen,IMF_CNT_COUNTRY_474,2019,0.0997,A
CHN,YE,Yemen,IMF_CNT_COUNTRY_474,2020,541.274,A
CHN,YE,Yemen,IMF_CNT_COUNTRY_474,2021,529.694,A
CHN,YE,Yemen,IMF_CNT_COUNTRY_474,2022,525.462,A
CHN,YE,Yemen,IMF_CNT_COUNTRY_474,2023,539.547,A
CHN,ZM,Zambia,IMF_CNT_COUNTRY_754,2018,2611.09,A
CHN,ZM,Zambia,IMF_CNT_COUNTRY_754,2019,2208.12,A
CHN,ZM,Zambia,IMF_CNT_COUNTRY_754,2020,3055.0,A
CHN,ZM,Zambia,IMF_CNT_COUNTRY_754,2021,3029.57,A
CHN,ZM,Zambia,IMF_CNT_COUNTRY_754,2022,1979.57,A
CHN,ZM,Zambia,IMF_CNT_COUNTRY_754,2023,1534.78,A
CHN,ZW,Zimbabwe,IMF_CNT_COUNTRY_698,2018,1254.99,A
CHN,ZW,Zimbabwe,IMF_CNT_COUNTRY_698,2019,1251.93,A
CHN,ZW,Zimbabwe,IMF_CNT_COUNTRY_698,2020,1795.8,A
CHN,ZW,Zimbabwe,IMF_CNT_COUNTRY_698,2021,1707.51,A
CHN,ZW,Zimbabwe,IMF_CNT_COUNTRY_698,2022,1604.85,A
CHN,ZW,Zimbabwe,IMF_CNT_COUNTRY_698,2023,1038.49,A
CHN,,,IMF_CNT_COUNTRY_314,2018,0.0,A
CHN,,,IMF_CNT_COUNTRY_353,2018,0.0,A
CHN,,,IMF_CNT_COUNTRY_381,2018,0.0,A
CHN,,,IMF_CNT_COUNTRY_585,2018,0.0,A
CHN,,,IMF_CNT_COUNTRY_967,2018,0.0,A
CHN,,,IMF_CNT_COUNTRY_329,2018,0.0,A
CHN,,,IMF_CNT_COUNTRY_849,2018,0.0,A
CHN,,,IMF_CNT_COUNTRY_920,2018,0.0,A
CHN,,,IMF_CNT_COUNTRY_118,2018,0.0,A
CHN,,,IMF_CNT_COUNTRY_135,2018,0.0,A
CHN,,,IMF_CNT_COUNTRY_263,2018,0.0,A
CHN,,,IMF_CNT_COUNTRY_373,2018,0.0,A
CHN,,,IMF_CNT_COUNTRY_349,2018,0.0,A
CHN,,,IMF_CNT_COUNTRY_510,2018,980600.0,A
CHN,,,IMF_CNT_COUNTRY_354,2018,0.0,A
CHN,,,IMF_CNT_COUNTRY_532,2018,958904.0,A
CHN,,,IMF_CNT_COUNTRY_514,2018,0.0,A
CHN,,,IMF_CNT_COUNTRY_374,2018,0.0,A
CHN,,,IMF_CNT_COUNTRY_865,2018,0.0,A
CHN,,,IMF_CNT_COUNTRY_876,2018,0.0,A
CHN,,,IMF_CNT_COUNTRY_726,2018,0.0,A
CHN,,,IMF_CNT_COUNTRY_859,2018,0.0,A
CHN,,,IMF_CNT_COUNTRY_817,2018,0.0,A
CHN,,,IMF_CNT_COUNTRY_814,2018,0.0,A
CHN,,,IMF_CNT_COUNTRY_816,2018,0.0,A
CHN,,,IMF_CNT_COUNTRY_829,2018,0.0,A
CHN,,,IMF_CNT_COUNTRY_818,2018,0.0,A
CHN,,,IMF_CNT_COUNTRY_873,2018,0.0,A
CHN,,,IMF_CNT_COUNTRY_323,2018,0.0,A
CHN,,,IMF_CNT_COUNTRY_183,2018,0.0,A
CHN,,,IMF_CNT_COUNTRY_253,2018,0.0,A
CHN,,,IMF_CNT_COUNTRY_226,2018,366867.0,A
CHN,,,IMF_CNT_COUNTRY_326,2018,0.0,A
CHN,,,IMF_CNT_COUNTRY_361,2018,0.0,A
CHN,,,IMF_CNT_COUNTRY_363,2018,0.0,A
CHN,,,IMF_CNT_COUNTRY_352,2018,0.0,A
CHN,,,IMF_CNT_COUNTRY_487,2018,0.037,A
CHN,,,IMF_CNT_COUNTRY_793,2018,0.0,A
CHN,,,IMF_CNT_COUNTRY_696,2018,0.0,A
CHN,,,IMF_CNT_COUNTRY_823,2018,0.0,A
CHN,,,IMF_CNT_COUNTRY_863,2018,0.0,A
CHN,,,IMF_CNT_COUNTRY_839,2018,0.0,A
CHN,,,IMF_CNT_COUNTRY_857,2018,0.0,A
CHN,,,IMF_CNT_COUNTRY_734,2018,0.0,A
CHN,,,IMF_CNT_COUNTRY_851,2018,0.0,A
CHN,,,IMF_CNT_COUNTRY_869,2018,0.0,A
CHN,,,IMF_CNT_COUNTRY_872,2018,0.0,A
CHN,,,IMF_CNT_COUNTRY_171,2018,0.0,A
CHN,,,IMF_CNT_COUNTRY_187,2018,0.0,A
CHN,,,IMF_CNT_COUNTRY_333,2018,0.0,A
CHN,,,IMF_CNT_COUNTRY_351,2018,0.0,A
CHN,,,IMF_CNT_COUNTRY_357,2018,0.0,A
CHN,,,IMF_CNT_COUNTRY_359,2018,0.0,A
CHN,,,IMF_CNT_COUNTRY_856,2018,0.0,A
CHN,,,IMF_CNT_COUNTRY_871,2018,0.0,A
CHN,,,IMF_CNT_COUNTRY_887,2018,0.0,A
CHN,,,IMF_CNT_COUNTRY_983,2018,299468.0,A
CHN,,,IMF_CNT_COUNTRY_171,2019,0.0,A
CHN,,,IMF_CNT_COUNTRY_263,2019,0.0,A
CHN,,,IMF_CNT_COUNTRY_839,2019,0.0,A
CHN,,,IMF_CNT_COUNTRY_856,2019,0.0,A
CHN,,,IMF_CNT_COUNTRY_351,2019,0.0,A
CHN,,,IMF_CNT_COUNTRY_357,2019,0.0,A
CHN,,,IMF_CNT_COUNTRY_514,2019,0.0,A
CHN,,,IMF_CNT_COUNTRY_967,2019,0.0,A
CHN,,,IMF_CNT_COUNTRY_118,2019,0.0,A
CHN,,,IMF_CNT_COUNTRY_187,2019,0.0,A
CHN,,,IMF_CNT_COUNTRY_253,2019,0.0,A
CHN,,,IMF_CNT_COUNTRY_314,2019,0.0,A
CHN,,,IMF_CNT_COUNTRY_183,2019,0.0,A
CHN,,,IMF_CNT_COUNTRY_326,2019,0.0,A
CHN,,,IMF_CNT_COUNTRY_349,2019,0.0,A
CHN,,,IMF_CNT_COUNTRY_381,2019,0.0,A
CHN,,,IMF_CNT_COUNTRY_361,2019,0.0,A
CHN,,,IMF_CNT_COUNTRY_487,2019,0.0,A
CHN,,,IMF_CNT_COUNTRY_532,2019,1132550.0,A
CHN,,,IMF_CNT_COUNTRY_696,2019,0.0,A
CHN,,,IMF_CNT_COUNTRY_814,2019,0.0,A
CHN,,,IMF_CNT_COUNTRY_726,2019,0.0,A
CHN,,,IMF_CNT_COUNTRY_734,2019,0.0,A
CHN,,,IMF_CNT_COUNTRY_849,2019,0.0,A
CHN,,,IMF_CNT_COUNTRY_793,2019,0.0,A
CHN,,,IMF_CNT_COUNTRY_863,2019,0.0,A
CHN,,,IMF_CNT_COUNTRY_816,2019,0.0,A
CHN,,,IMF_CNT_COUNTRY_829,2019,0.0,A
CHN,,,IMF_CNT_COUNTRY_851,2019,0.0,A
CHN,,,IMF_CNT_COUNTRY_859,2019,0.0,A
CHN,,,IMF_CNT_COUNTRY_869,2019,0.0,A
CHN,,,IMF_CNT_COUNTRY_871,2019,0.0,A
CHN,,,IMF_CNT_COUNTRY_920,2019,0.0,A
CHN,,,IMF_CNT_COUNTRY_329,2019,0.0,A
CHN,,,IMF_CNT_COUNTRY_352,2019,0.0,A
CHN,,,IMF_CNT_COUNTRY_354,2019,0.0,A
CHN,,,IMF_CNT_COUNTRY_510,2019,1154670.0,A
CHN,,,IMF_CNT_COUNTRY_876,2019,0.0,A
CHN,,,IMF_CNT_COUNTRY_135,2019,0.0,A
CHN,,,IMF_CNT_COUNTRY_374,2019,0.0,A
CHN,,,IMF_CNT_COUNTRY_226,2019,396662.0,A
CHN,,,IMF_CNT_COUNTRY_359,2019,0.0,A
CHN,,,IMF_CNT_COUNTRY_373,2019,0.0,A
CHN,,,IMF_CNT_COUNTRY_817,2019,0.0,A
CHN,,,IMF_CNT_COUNTRY_818,2019,0.0,A
CHN,,,IMF_CNT_COUNTRY_823,2019,0.0,A
CHN,,,IMF_CNT_COUNTRY_857,2019,0.0,A
CHN,,,IMF_CNT_COUNTRY_983,2019,301594.0,A
CHN,,,IMF_CNT_COUNTRY_873,2019,0.0,A
CHN,,,IMF_CNT_COUNTRY_323,2019,0.0,A
CHN,,,IMF_CNT_COUNTRY_333,2019,0.0,A
CHN,,,IMF_CNT_COUNTRY_353,2019,0.0,A
CHN,,,IMF_CNT_COUNTRY_363,2019,0.0,A
CHN,,,IMF_CNT_COUNTRY_585,2019,0.0,A
CHN,,,IMF_CNT_COUNTRY_865,2019,0.0,A
CHN,,,IMF_CNT_COUNTRY_872,2019,0.0,A
CHN,,,IMF_CNT_COUNTRY_887,2019,0.0,A
CHN,,,IMF_CNT_COUNTRY_135,2020,0.0,A
CHN,,,IMF_CNT_COUNTRY_333,2020,0.0,A
CHN,,,IMF_CNT_COUNTRY_354,2020,0.0,A
CHN,,,IMF_CNT_COUNTRY_359,2020,0.0,A
CHN,,,IMF_CNT_COUNTRY_373,2020,0.0,A
CHN,,,IMF_CNT_COUNTRY_863,2020,0.0,A
CHN,,,IMF_CNT_COUNTRY_887,2020,0.0,A
CHN,,,IMF_CNT_COUNTRY_171,2020,0.0,A
CHN,,,IMF_CNT_COUNTRY_226,2020,622385.0,A
CHN,,,IMF_CNT_COUNTRY_118,2020,0.0,A
CHN,,,IMF_CNT_COUNTRY_314,2020,0.0,A
CHN,,,IMF_CNT_COUNTRY_323,2020,0.0,A
CHN,,,IMF_CNT_COUNTRY_326,2020,0.0,A
CHN,,,IMF_CNT_COUNTRY_363,2020,0.0,A
CHN,,,IMF_CNT_COUNTRY_329,2020,0.0,A
CHN,,,IMF_CNT_COUNTRY_532,2020,1438530.0,A
CHN,,,IMF_CNT_COUNTRY_381,2020,0.0,A
CHN,,,IMF_CNT_COUNTRY_510,2020,1465560.0,A
CHN,,,IMF_CNT_COUNTRY_818,2020,0.0,A
CHN,,,IMF_CNT_COUNTRY_851,2020,0.0,A
CHN,,,IMF_CNT_COUNTRY_829,2020,0.0,A
CHN,,,IMF_CNT_COUNTRY_816,2020,0.0,A
CHN,,,IMF_CNT_COUNTRY_814,2020,0.0,A
CHN,,,IMF_CNT_COUNTRY_857,2020,0.0,A
CHN,,,IMF_CNT_COUNTRY_865,2020,0.0,A
CHN,,,IMF_CNT_COUNTRY_983,2020,0.0,A
CHN,,,IMF_CNT_COUNTRY_920,2020,0.0,A
CHN,,,IMF_CNT_COUNTRY_353,2020,0.0,A
CHN,,,IMF_CNT_COUNTRY_361,2020,0.0,A
CHN,,,IMF_CNT_COUNTRY_487,2020,0.0,A
CHN,,,IMF_CNT_COUNTRY_856,2020,0.0,A
CHN,,,IMF_CNT_COUNTRY_187,2020,0.0,A
CHN,,,IMF_CNT_COUNTRY_263,2020,0.0,A
CHN,,,IMF_CNT_COUNTRY_349,2020,0.0,A
CHN,,,IMF_CNT_COUNTRY_351,2020,0.0,A
CHN,,,IMF_CNT_COUNTRY_183,2020,0.0,A
CHN,,,IMF_CNT_COUNTRY_357,2020,0.0,A
CHN,,,IMF_CNT_COUNTRY_374,2020,0.0,A
CHN,,,IMF_CNT_COUNTRY_514,2020,0.0,A
CHN,,,IMF_CNT_COUNTRY_696,2020,0.0,A
CHN,,,IMF_CNT_COUNTRY_817,2020,0.0,A
CHN,,,IMF_CNT_COUNTRY_793,2020,0.0,A
CHN,,,IMF_CNT_COUNTRY_839,2020,0.0,A
CHN,,,IMF_CNT_COUNTRY_859,2020,0.0,A
CHN,,,IMF_CNT_COUNTRY_734,2020,0.0,A
CHN,,,IMF_CNT_COUNTRY_871,2020,0.0,A
CHN,,,IMF_CNT_COUNTRY_873,2020,0.0,A
CHN,,,IMF_CNT_COUNTRY_823,2020,0.0,A
CHN,,,IMF_CNT_COUNTRY_849,2020,0.0,A
CHN,,,IMF_CNT_COUNTRY_869,2020,0.0,A
CHN,,,IMF_CNT_COUNTRY_872,2020,0.0,A
CHN,,,IMF_CNT_COUNTRY_967,2020,0.0,A
CHN,,,IMF_CNT_COUNTRY_253,2020,0.0,A
CHN,,,IMF_CNT_COUNTRY_352,2020,0.0,A
CHN,,,IMF_CNT_COUNTRY_585,2020,0.0,A
CHN,,,IMF_CNT_COUNTRY_726,2020,0.0,A
CHN,,,IMF_CNT_COUNTRY_876,2020,0.0,A
CHN,,,IMF_CNT_COUNTRY_726,2021,0.0,A
CHN,,,IMF_CNT_COUNTRY_817,2021,0.0,A
CHN,,,IMF_CNT_COUNTRY_863,2021,0.0,A
CHN,,,IMF_CNT_COUNTRY_118,2021,0.0,A
CHN,,,IMF_CNT_COUNTRY_253,2021,0.0,A
CHN,,,IMF_CNT_COUNTRY_353,2021,0.0,A
CHN,,,IMF_CNT_COUNTRY_183,2021,0.0,A
CHN,,,IMF_CNT_COUNTRY_352,2021,0.0,A
CHN,,,IMF_CNT_COUNTRY_354,2021,0.0,A
CHN,,,IMF_CNT_COUNTRY_532,2021,1549660.0,A
CHN,,,IMF_CNT_COUNTRY_487,2021,0.0,A
CHN,,,IMF_CNT_COUNTRY_514,2021,0.0,A
CHN,,,IMF_CNT_COUNTRY_818,2021,0.0,A
CHN,,,IMF_CNT_COUNTRY_829,2021,0.0,A
CHN,,,IMF_CNT_COUNTRY_865,2021,0.0,A
CHN,,,IMF_CNT_COUNTRY_814,2021,0.0,A
CHN,,,IMF_CNT_COUNTRY_816,2021,0.0,A
CHN,,,IMF_CNT_COUNTRY_871,2021,0.0,A
CHN,,,IMF_CNT_COUNTRY_849,2021,0.0,A
CHN,,,IMF_CNT_COUNTRY_856,2021,0.0,A
CHN,,,IMF_CNT_COUNTRY_967,2021,0.0,A
CHN,,,IMF_CNT_COUNTRY_187,2021,0.0,A
CHN,,,IMF_CNT_COUNTRY_326,2021,0.0,A
CHN,,,IMF_CNT_COUNTRY_839,2021,0.0,A
CHN,,,IMF_CNT_COUNTRY_135,2021,0.0,A
CHN,,,IMF_CNT_COUNTRY_171,2021,0.0,A
CHN,,,IMF_CNT_COUNTRY_226,2021,689635.0,A
CHN,,,IMF_CNT_COUNTRY_263,2021,0.0,A
CHN,,,IMF_CNT_COUNTRY_323,2021,0.0,A
CHN,,,IMF_CNT_COUNTRY_333,2021,0.0,A
CHN,,,IMF_CNT_COUNTRY_314,2021,0.0,A
CHN,,,IMF_CNT_COUNTRY_329,2021,0.0,A
CHN,,,IMF_CNT_COUNTRY_349,2021,0.0,A
CHN,,,IMF_CNT_COUNTRY_351,2021,0.0,A
CHN,,,IMF_CNT_COUNTRY_373,2021,0.0,A
CHN,,,IMF_CNT_COUNTRY_374,2021,0.0,A
CHN,,,IMF_CNT_COUNTRY_357,2021,0.0,A
CHN,,,IMF_CNT_COUNTRY_361,2021,0.0,A
CHN,,,IMF_CNT_COUNTRY_363,2021,0.0,A
CHN,,,IMF_CNT_COUNTRY_585,2021,0.0,A
CHN,,,IMF_CNT_COUNTRY_793,2021,0.0,A
CHN,,,IMF_CNT_COUNTRY_869,2021,0.0,A
CHN,,,IMF_CNT_COUNTRY_696,2021,0.0,A
CHN,,,IMF_CNT_COUNTRY_876,2021,0.0,A
CHN,,,IMF_CNT_COUNTRY_823,2021,0.0,A
CHN,,,IMF_CNT_COUNTRY_887,2021,0.0,A
CHN,,,IMF_CNT_COUNTRY_859,2021,0.0,A
CHN,,,IMF_CNT_COUNTRY_734,2021,0.0,A
CHN,,,IMF_CNT_COUNTRY_873,2021,0.0,A
CHN,,,IMF_CNT_COUNTRY_851,2021,0.0,A
CHN,,,IMF_CNT_COUNTRY_359,2021,0.0,A
CHN,,,IMF_CNT_COUNTRY_381,2021,0.0,A
CHN,,,IMF_CNT_COUNTRY_510,2021,1576040.0,A
CHN,,,IMF_CNT_COUNTRY_857,2021,0.0,A
CHN,,,IMF_CNT_COUNTRY_872,2021,0.0,A
CHN,,,IMF_CNT_COUNTRY_920,2021,0.0,A
CHN,,,IMF_CNT_COUNTRY_135,2022,0.0,A
CHN,,,IMF_CNT_COUNTRY_226,2022,593054.0,A
CHN,,,IMF_CNT_COUNTRY_354,2022,0.0,A
CHN,,,IMF_CNT_COUNTRY_373,2022,0.0,A
CHN,,,IMF_CNT_COUNTRY_510,2022,1616710.0,A
CHN,,,IMF_CNT_COUNTRY_876,2022,0.0,A
CHN,,,IMF_CNT_COUNTRY_333,2022,0.0,A
CHN,,,IMF_CNT_COUNTRY_352,2022,0.0,A
CHN,,,IMF_CNT_COUNTRY_726,2022,0.0,A
CHN,,,IMF_CNT_COUNTRY_816,2022,0.0,A
CHN,,,IMF_CNT_COUNTRY_818,2022,0.0,A
CHN,,,IMF_CNT_COUNTRY_829,2022,0.0,A
CHN,,,IMF_CNT_COUNTRY_856,2022,0.0,A
CHN,,,IMF_CNT_COUNTRY_871,2022,0.0,A
CHN,,,IMF_CNT_COUNTRY_873,2022,0.0,A
CHN,,,IMF_CNT_COUNTRY_183,2022,0.0,A
CHN,,,IMF_CNT_COUNTRY_263,2022,0.0,A
CHN,,,IMF_CNT_COUNTRY_187,2022,0.0,A
CHN,,,IMF_CNT_COUNTRY_357,2022,0.0,A
CHN,,,IMF_CNT_COUNTRY_349,2022,0.0,A
CHN,,,IMF_CNT_COUNTRY_351,2022,0.0,A
CHN,,,IMF_CNT_COUNTRY_326,2022,0.0,A
CHN,,,IMF_CNT_COUNTRY_487,2022,0.0,A
CHN,,,IMF_CNT_COUNTRY_585,2022,0.0,A
CHN,,,IMF_CNT_COUNTRY_532,2022,1588670.0,A
CHN,,,IMF_CNT_COUNTRY_793,2022,0.0,A
CHN,,,IMF_CNT_COUNTRY_823,2022,0.0,A
CHN,,,IMF_CNT_COUNTRY_839,2022,0.0,A
CHN,,,IMF_CNT_COUNTRY_734,2022,0.0,A
CHN,,,IMF_CNT_COUNTRY_863,2022,0.0,A
CHN,,,IMF_CNT_COUNTRY_872,2022,0.0,A
CHN,,,IMF_CNT_COUNTRY_920,2022,0.0,A
CHN,,,IMF_CNT_COUNTRY_171,2022,0.0,A
CHN,,,IMF_CNT_COUNTRY_314,2022,0.0,A
CHN,,,IMF_CNT_COUNTRY_887,2022,0.0,A
CHN,,,IMF_CNT_COUNTRY_118,2022,0.0,A
CHN,,,IMF_CNT_COUNTRY_329,2022,0.0,A
CHN,,,IMF_CNT_COUNTRY_253,2022,0.0,A
CHN,,,IMF_CNT_COUNTRY_353,2022,0.0,A
CHN,,,IMF_CNT_COUNTRY_363,2022,0.0,A
CHN,,,IMF_CNT_COUNTRY_381,2022,0.0,A
CHN,,,IMF_CNT_COUNTRY_323,2022,0.0,A
CHN,,,IMF_CNT_COUNTRY_359,2022,0.0,A
CHN,,,IMF_CNT_COUNTRY_857,2022,0.0,A
CHN,,,IMF_CNT_COUNTRY_814,2022,0.0,A
CHN,,,IMF_CNT_COUNTRY_817,2022,0.0,A
CHN,,,IMF_CNT_COUNTRY_859,2022,0.0,A
CHN,,,IMF_CNT_COUNTRY_865,2022,0.0,A
CHN,,,IMF_CNT_COUNTRY_869,2022,0.0,A
CHN,,,IMF_CNT_COUNTRY_849,2022,0.0,A
CHN,,,IMF_CNT_COUNTRY_851,2022,0.0,A
CHN,,,IMF_CNT_COUNTRY_967,2022,0.0,A
CHN,,,IMF_CNT_COUNTRY_361,2022,0.0,A
CHN,,,IMF_CNT_COUNTRY_374,2022,0.0,A
CHN,,,IMF_CNT_COUNTRY_514,2022,0.0,A
CHN,,,IMF_CNT_COUNTRY_696,2022,0.0,A
CHN,,,IMF_CNT_COUNTRY_253,2023,0.0,A
CHN,,,IMF_CNT_COUNTRY_351,2023,0.0,A
CHN,,,IMF_CNT_COUNTRY_696,2023,0.0,A
CHN,,,IMF_CNT_COUNTRY_726,2023,0.0,A
CHN,,,IMF_CNT_COUNTRY_873,2023,0.0,A
CHN,,,IMF_CNT_COUNTRY_357,2023,0.0,A
CHN,,,IMF_CNT_COUNTRY_856,2023,0.0,A
CHN,,,IMF_CNT_COUNTRY_135,2023,0.0,A
CHN,,,IMF_CNT_COUNTRY_226,2023,599514.0,A
CHN,,,IMF_CNT_COUNTRY_118,2023,0.0,A
CHN,,,IMF_CNT_COUNTRY_171,2023,0.0,A
CHN,,,IMF_CNT_COUNTRY_187,2023,0.0,A
CHN,,,IMF_CNT_COUNTRY_354,2023,0.0,A
CHN,,,IMF_CNT_COUNTRY_359,2023,0.0,A
CHN,,,IMF_CNT_COUNTRY_326,2023,0.0,A
CHN,,,IMF_CNT_COUNTRY_514,2023,0.0,A
CHN,,,IMF_CNT_COUNTRY_532,2023,1752520.0,A
CHN,,,IMF_CNT_COUNTRY_373,2023,0.0,A
CHN,,,IMF_CNT_COUNTRY_487,2023,0.0,A
CHN,,,IMF_CNT_COUNTRY_585,2023,0.0,A
CHN,,,IMF_CNT_COUNTRY_839,2023,0.0,A
CHN,,,IMF_CNT_COUNTRY_734,2023,0.0,A
CHN,,,IMF_CNT_COUNTRY_816,2023,0.0,A
CHN,,,IMF_CNT_COUNTRY_871,2023,0.0,A
CHN,,,IMF_CNT_COUNTRY_849,2023,0.0,A
CHN,,,IMF_CNT_COUNTRY_851,2023,0.0,A
CHN,,,IMF_CNT_COUNTRY_869,2023,0.0,A
CHN,,,IMF_CNT_COUNTRY_872,2023,0.0,A
CHN,,,IMF_CNT_COUNTRY_263,2023,0.0,A
CHN,,,IMF_CNT_COUNTRY_329,2023,0.0,A
CHN,,,IMF_CNT_COUNTRY_349,2023,0.0,A
CHN,,,IMF_CNT_COUNTRY_353,2023,0.0,A
CHN,,,IMF_CNT_COUNTRY_817,2023,0.0,A
CHN,,,IMF_CNT_COUNTRY_818,2023,0.0,A
CHN,,,IMF_CNT_COUNTRY_876,2023,0.0,A
CHN,,,IMF_CNT_COUNTRY_920,2023,0.0,A
CHN,,,IMF_CNT_COUNTRY_967,2023,0.0,A
CHN,,,IMF_CNT_COUNTRY_183,2023,0.0,A
CHN,,,IMF_CNT_COUNTRY_333,2023,0.0,A
CHN,,,IMF_CNT_COUNTRY_352,2023,0.0,A
CHN,,,IMF_CNT_COUNTRY_363,2023,0.0,A
CHN,,,IMF_CNT_COUNTRY_374,2023,0.0,A
CHN,,,IMF_CNT_COUNTRY_323,2023,0.0,A
CHN,,,IMF_CNT_COUNTRY_381,2023,0.0,A
CHN,,,IMF_CNT_COUNTRY_793,2023,0.0,A
CHN,,,IMF_CNT_COUNTRY_829,2023,0.0,A
CHN,,,IMF_CNT_COUNTRY_857,2023,0.0,A
CHN,,,IMF_CNT_COUNTRY_865,2023,0.0,A
CHN,,,IMF_CNT_COUNTRY_814,2023,0.0,A
CHN,,,IMF_CNT_COUNTRY_859,2023,0.0,A
CHN,,,IMF_CNT_COUNTRY_887,2023,0.0,A
CHN,,,IMF_CNT_COUNTRY_314,2023,0.0,A
CHN,,,IMF_CNT_COUNTRY_361,2023,0.0,A
CHN,,,IMF_CNT_COUNTRY_510,2023,1782680.0,A
CHN,,,IMF_CNT_COUNTRY_823,2023,0.0,A
CHN,,,IMF_CNT_COUNTRY_863,2023,0.0,A
