REF_AREA,COMP_BREAKDOWN_1,year,value_usd,OBS_STATUS
ALB,IMF_CNT_COUNTRY_924,2011,-4.02793,A
ALB,IMF_CNT_COUNTRY_924,2012,-6.14765,A
ALB,IMF_CNT_COUNTRY_924,2013,-1.14771,A
ALB,IMF_CNT_COUNTRY_924,2014,-2.91021,A
ALB,IMF_CNT_COUNTRY_924,2016,6.61924,A
ALB,IMF_CNT_COUNTRY_924,2017,8.93665,A
ALB,IMF_CNT_COUNTRY_924,2018,3.22683,A
ALB,IMF_CNT_COUNTRY_924,2019,1.83962,A
ALB,IMF_CNT_COUNTRY_924,2020,3.09018,A
ALB,IMF_CNT_COUNTRY_924,2021,2.50919,A
ALB,IMF_CNT_COUNTRY_924,2022,4.03192,A
ALB,IMF_CNT_COUNTRY_924,2023,5.06523,A
ARG,IMF_CNT_COUNTRY_924,2015,660.906,A
ARG,IMF_CNT_COUNTRY_924,2016,617.65,A
ARG,IMF_CNT_COUNTRY_924,2017,709.38,A
ARG,IMF_CNT_COUNTRY_924,2018,499.126,A
ARG,IMF_CNT_COUNTRY_924,2019,772.862,A
ARG,IMF_CNT_COUNTRY_924,2020,1131.1,A
ARG,IMF_CNT_COUNTRY_924,2021,1941.3,A
ARG,IMF_CNT_COUNTRY_924,2022,2281.9,A
ARG,IMF_CNT_COUNTRY_924,2023,3428.8,A
ARM,IMF_CNT_COUNTRY_924,2009,3.6567,A
ARM,IMF_CNT_COUNTRY_924,2010,3.6567,A
ARM,IMF_CNT_COUNTRY_924,2011,3.6567,A
ARM,IMF_CNT_COUNTRY_924,2012,3.6567,A
ARM,IMF_CNT_COUNTRY_924,2013,3.6567,A
ARM,IMF_CNT_COUNTRY_924,2014,3.18715,A
ARM,IMF_CNT_COUNTRY_924,2015,3.1293,A
ARM,IMF_CNT_COUNTRY_924,2016,3.12807,A
ARM,IMF_CNT_COUNTRY_924,2017,3.12704,A
ARM,IMF_CNT_COUNTRY_924,2018,3.1293,A
ARM,IMF_CNT_COUNTRY_924,2019,3.46863,A
ARM,IMF_CNT_COUNTRY_924,2020,3.11315,A
ARM,IMF_CNT_COUNTRY_924,2021,3.72954,A
ARM,IMF_CNT_COUNTRY_924,2022,0.860838,A
AUS,IMF_CNT_COUNTRY_924,2009,8124.12,A
AUS,IMF_CNT_COUNTRY_924,2010,13118.4,A
AUS,IMF_CNT_COUNTRY_924,2011,14707.9,A
AUS,IMF_CNT_COUNTRY_924,2012,17219.2,A
AUS,IMF_CNT_COUNTRY_924,2013,20712.2,A
AUS,IMF_CNT_COUNTRY_924,2014,26134.0,A
AUS,IMF_CNT_COUNTRY_924,2015,26100.0,A
AUS,IMF_CNT_COUNTRY_924,2016,27998.3,A
AUS,IMF_CNT_COUNTRY_924,2017,30567.4,A
AUS,IMF_CNT_COUNTRY_924,2018,30022.6,A
AUS,IMF_CNT_COUNTRY_924,2019,33437.5,A
AUS,IMF_CNT_COUNTRY_924,2020,36412.7,A
AUS,IMF_CNT_COUNTRY_924,2021,35302.6,A
AUS,IMF_CNT_COUNTRY_924,2022,31718.5,A
AUS,IMF_CNT_COUNTRY_924,2023,31851.1,A
AUT,IMF_CNT_COUNTRY_924,2012,5.60227,A
AUT,IMF_CNT_COUNTRY_924,2013,-23.031,A
AUT,IMF_CNT_COUNTRY_924,2014,-102.834,A
AUT,IMF_CNT_COUNTRY_924,2015,-56.2858,A
AUT,IMF_CNT_COUNTRY_924,2016,-187.419,A
AUT,IMF_CNT_COUNTRY_924,2017,-180.375,A
AUT,IMF_CNT_COUNTRY_924,2018,-55.876,A
AUT,IMF_CNT_COUNTRY_924,2019,-18.3114,A
AUT,IMF_CNT_COUNTRY_924,2020,184.679,A
AUT,IMF_CNT_COUNTRY_924,2021,281.904,A
AUT,IMF_CNT_COUNTRY_924,2022,274.116,A
AUT,IMF_CNT_COUNTRY_924,2023,145.197,A
AZE,IMF_CNT_COUNTRY_924,2009,120.196,A
AZE,IMF_CNT_COUNTRY_924,2010,136.551,A
AZE,IMF_CNT_COUNTRY_924,2011,165.72,A
AZE,IMF_CNT_COUNTRY_924,2012,170.398,A
AZE,IMF_CNT_COUNTRY_924,2013,176.113,A
AZE,IMF_CNT_COUNTRY_924,2014,185.862,A
AZE,IMF_CNT_COUNTRY_924,2015,189.177,A
AZE,IMF_CNT_COUNTRY_924,2016,189.247,A
AZE,IMF_CNT_COUNTRY_924,2017,175.731,A
AZE,IMF_CNT_COUNTRY_924,2018,176.752,A
AZE,IMF_CNT_COUNTRY_924,2019,186.83,A
AZE,IMF_CNT_COUNTRY_924,2020,194.537,A
AZE,IMF_CNT_COUNTRY_924,2021,197.943,A
AZE,IMF_CNT_COUNTRY_924,2022,208.264,A
AZE,IMF_CNT_COUNTRY_924,2023,209.954,A
BEL,IMF_CNT_COUNTRY_924,2009,-887.986,A
BEL,IMF_CNT_COUNTRY_924,2011,-2712.01,A
BEL,IMF_CNT_COUNTRY_924,2012,-359.141,A
BEL,IMF_CNT_COUNTRY_924,2013,-1467.36,A
BEL,IMF_CNT_COUNTRY_924,2014,-2611.53,A
BEL,IMF_CNT_COUNTRY_924,2015,-1754.77,A
BEL,IMF_CNT_COUNTRY_924,2016,-924.446,A
BEL,IMF_CNT_COUNTRY_924,2017,-539.565,A
BEL,IMF_CNT_COUNTRY_924,2018,-1311.71,A
BEL,IMF_CNT_COUNTRY_924,2019,539.794,A
BEL,IMF_CNT_COUNTRY_924,2020,2068.77,A
BEL,IMF_CNT_COUNTRY_924,2021,2082.96,A
BEL,IMF_CNT_COUNTRY_924,2022,-929.009,A
BEL,IMF_CNT_COUNTRY_924,2023,-149.175,A
BEN,IMF_CNT_COUNTRY_924,2011,17.7436,A
BEN,IMF_CNT_COUNTRY_924,2012,20.9889,A
BEN,IMF_CNT_COUNTRY_924,2013,1.65503,A
BEN,IMF_CNT_COUNTRY_924,2014,-4.06321,A
BEN,IMF_CNT_COUNTRY_924,2015,12.6461,A
BEN,IMF_CNT_COUNTRY_924,2016,92.1753,A
BEN,IMF_CNT_COUNTRY_924,2017,13.4562,A
BEN,IMF_CNT_COUNTRY_924,2018,463.523,A
BEN,IMF_CNT_COUNTRY_924,2019,321.916,A
BEN,IMF_CNT_COUNTRY_924,2020,326.66,A
BEN,IMF_CNT_COUNTRY_924,2021,385.706,A
BEN,IMF_CNT_COUNTRY_924,2022,674.341,A
BFA,IMF_CNT_COUNTRY_924,2012,0.0,A
BFA,IMF_CNT_COUNTRY_924,2014,0.451616,A
BFA,IMF_CNT_COUNTRY_924,2018,0.0,A
BFA,IMF_CNT_COUNTRY_924,2019,0.0,A
BFA,IMF_CNT_COUNTRY_924,2020,0.0,A
BFA,IMF_CNT_COUNTRY_924,2021,0.0,A
BFA,IMF_CNT_COUNTRY_924,2022,0.0,A
BFA,IMF_CNT_COUNTRY_924,2023,0.0,A
BGD,IMF_CNT_COUNTRY_924,2009,20.68,A
BGD,IMF_CNT_COUNTRY_924,2010,64.62,A
BGD,IMF_CNT_COUNTRY_924,2011,74.08,A
BGD,IMF_CNT_COUNTRY_924,2012,141.61,A
BGD,IMF_CNT_COUNTRY_924,2013,147.97,A
BGD,IMF_CNT_COUNTRY_924,2014,168.69,A
BGD,IMF_CNT_COUNTRY_924,2015,192.34,A
BGD,IMF_CNT_COUNTRY_924,2016,241.24,A
BGD,IMF_CNT_COUNTRY_924,2017,304.8,A
BGD,IMF_CNT_COUNTRY_924,2018,1437.75,A
BGD,IMF_CNT_COUNTRY_924,2019,829.7,A
BGD,IMF_CNT_COUNTRY_924,2020,986.45,A
BGD,IMF_CNT_COUNTRY_924,2021,1412.92,A
BGD,IMF_CNT_COUNTRY_924,2022,1337.7,A
BGD,IMF_CNT_COUNTRY_924,2023,1373.99,A
BGR,IMF_CNT_COUNTRY_924,2009,13.8151,A
BGR,IMF_CNT_COUNTRY_924,2010,19.1093,A
BGR,IMF_CNT_COUNTRY_924,2011,81.8309,A
BGR,IMF_CNT_COUNTRY_924,2012,89.251,A
BGR,IMF_CNT_COUNTRY_924,2013,132.079,A
BGR,IMF_CNT_COUNTRY_924,2014,118.677,A
BGR,IMF_CNT_COUNTRY_924,2015,138.841,A
BGR,IMF_CNT_COUNTRY_924,2016,112.805,A
BGR,IMF_CNT_COUNTRY_924,2017,129.237,A
BGR,IMF_CNT_COUNTRY_924,2018,127.661,A
BGR,IMF_CNT_COUNTRY_924,2019,148.087,A
BGR,IMF_CNT_COUNTRY_924,2020,154.778,A
BGR,IMF_CNT_COUNTRY_924,2021,138.294,A
BGR,IMF_CNT_COUNTRY_924,2022,155.794,A
BGR,IMF_CNT_COUNTRY_924,2023,172.13,A
BHR,IMF_CNT_COUNTRY_924,2014,0.06,A
BHR,IMF_CNT_COUNTRY_924,2015,0.24,A
BHR,IMF_CNT_COUNTRY_924,2016,8.08,A
BHR,IMF_CNT_COUNTRY_924,2017,8.2409,A
BHR,IMF_CNT_COUNTRY_924,2018,9.86,A
BHR,IMF_CNT_COUNTRY_924,2019,14.89,A
BHR,IMF_CNT_COUNTRY_924,2020,22.6503,A
BHR,IMF_CNT_COUNTRY_924,2021,17.4967,A
BHR,IMF_CNT_COUNTRY_924,2022,6.24025,A
BHR,IMF_CNT_COUNTRY_924,2023,14.88,A
BIH,IMF_CNT_COUNTRY_924,2014,1.35127,A
BIH,IMF_CNT_COUNTRY_924,2015,1.2497,A
BIH,IMF_CNT_COUNTRY_924,2016,1.26204,A
BIH,IMF_CNT_COUNTRY_924,2017,3.82572,A
BIH,IMF_CNT_COUNTRY_924,2018,4.98968,A
BIH,IMF_CNT_COUNTRY_924,2019,5.50005,A
BIH,IMF_CNT_COUNTRY_924,2020,12.9733,A
BIH,IMF_CNT_COUNTRY_924,2021,18.4173,A
BIH,IMF_CNT_COUNTRY_924,2022,54.1152,A
BIH,IMF_CNT_COUNTRY_924,2023,64.64,A
BLR,IMF_CNT_COUNTRY_924,2009,2.7933,A
BLR,IMF_CNT_COUNTRY_924,2010,18.9263,A
BLR,IMF_CNT_COUNTRY_924,2011,27.8425,A
BLR,IMF_CNT_COUNTRY_924,2012,93.0489,A
BLR,IMF_CNT_COUNTRY_924,2013,118.479,A
BLR,IMF_CNT_COUNTRY_924,2014,168.658,A
BLR,IMF_CNT_COUNTRY_924,2015,195.548,A
BLR,IMF_CNT_COUNTRY_924,2016,231.798,A
BLR,IMF_CNT_COUNTRY_924,2017,268.287,A
BLR,IMF_CNT_COUNTRY_924,2018,367.756,A
BLR,IMF_CNT_COUNTRY_924,2019,449.936,A
BLR,IMF_CNT_COUNTRY_924,2020,426.71,A
BLR,IMF_CNT_COUNTRY_924,2021,437.775,A
BLR,IMF_CNT_COUNTRY_924,2022,424.644,A
BLR,IMF_CNT_COUNTRY_924,2023,452.118,A
BOL,IMF_CNT_COUNTRY_924,2009,2.5,A
BOL,IMF_CNT_COUNTRY_924,2010,3.1,A
BOL,IMF_CNT_COUNTRY_924,2011,2.7,A
BOL,IMF_CNT_COUNTRY_924,2012,2.599,A
BOL,IMF_CNT_COUNTRY_924,2013,2.9676,A
BOL,IMF_CNT_COUNTRY_924,2014,59.1587,A
BOL,IMF_CNT_COUNTRY_924,2015,63.3362,A
BOL,IMF_CNT_COUNTRY_924,2016,61.0898,A
BOL,IMF_CNT_COUNTRY_924,2017,81.8944,A
BOL,IMF_CNT_COUNTRY_924,2018,117.467,A
BOL,IMF_CNT_COUNTRY_924,2019,119.304,A
BOL,IMF_CNT_COUNTRY_924,2020,125.206,A
BOL,IMF_CNT_COUNTRY_924,2021,113.933,A
BOL,IMF_CNT_COUNTRY_924,2022,99.0935,A
BOL,IMF_CNT_COUNTRY_924,2023,64.8248,A
BRA,IMF_CNT_COUNTRY_924,2010,677.892,A
BRA,IMF_CNT_COUNTRY_924,2011,864.524,A
BRA,IMF_CNT_COUNTRY_924,2012,1113.43,A
BRA,IMF_CNT_COUNTRY_924,2013,1193.0,A
BRA,IMF_CNT_COUNTRY_924,2014,2415.28,A
BRA,IMF_CNT_COUNTRY_924,2015,1815.99,A
BRA,IMF_CNT_COUNTRY_924,2016,1792.34,A
BRA,IMF_CNT_COUNTRY_924,2017,1994.0,A
BRA,IMF_CNT_COUNTRY_924,2018,1787.22,A
BRA,IMF_CNT_COUNTRY_924,2019,2143.92,A
BRA,IMF_CNT_COUNTRY_924,2020,1634.39,A
BRA,IMF_CNT_COUNTRY_924,2021,1233.23,A
BRA,IMF_CNT_COUNTRY_924,2022,1193.06,A
BRA,IMF_CNT_COUNTRY_924,2023,1483.75,A
BRB,IMF_CNT_COUNTRY_924,2009,2.83143,A
BRB,IMF_CNT_COUNTRY_924,2010,0.0,A
BRB,IMF_CNT_COUNTRY_924,2011,0.95,A
BRB,IMF_CNT_COUNTRY_924,2012,0.0,A
BRB,IMF_CNT_COUNTRY_924,2013,1.3,A
BWA,IMF_CNT_COUNTRY_924,2009,62.6405,A
BWA,IMF_CNT_COUNTRY_924,2010,20.2602,A
BWA,IMF_CNT_COUNTRY_924,2011,703.521,A
BWA,IMF_CNT_COUNTRY_924,2013,717.826,A
BWA,IMF_CNT_COUNTRY_924,2014,0.809283,A
BWA,IMF_CNT_COUNTRY_924,2016,20.6412,A
BWA,IMF_CNT_COUNTRY_924,2017,3.88107,A
BWA,IMF_CNT_COUNTRY_924,2018,7.73287,A
BWA,IMF_CNT_COUNTRY_924,2019,7.81441,A
BWA,IMF_CNT_COUNTRY_924,2020,0.0,A
BWA,IMF_CNT_COUNTRY_924,2021,5.73117,A
BWA,IMF_CNT_COUNTRY_924,2022,6.24496,A
BWA,IMF_CNT_COUNTRY_924,2023,5.01472,A
CAN,IMF_CNT_COUNTRY_924,2009,11627.0,A
CAN,IMF_CNT_COUNTRY_924,2010,12177.8,A
CAN,IMF_CNT_COUNTRY_924,2011,15102.3,A
CAN,IMF_CNT_COUNTRY_924,2012,11678.8,A
CAN,IMF_CNT_COUNTRY_924,2013,12920.4,A
CAN,IMF_CNT_COUNTRY_924,2014,13462.1,A
CAN,IMF_CNT_COUNTRY_924,2015,9944.55,A
CAN,IMF_CNT_COUNTRY_924,2016,11335.4,A
CAN,IMF_CNT_COUNTRY_924,2017,12695.9,A
CAN,IMF_CNT_COUNTRY_924,2018,15753.2,A
CAN,IMF_CNT_COUNTRY_924,2019,19331.5,A
CAN,IMF_CNT_COUNTRY_924,2020,16241.4,A
CAN,IMF_CNT_COUNTRY_924,2021,19992.2,A
CAN,IMF_CNT_COUNTRY_924,2022,18731.2,A
CAN,IMF_CNT_COUNTRY_924,2023,18759.2,A
CHL,IMF_CNT_COUNTRY_924,2012,81.1487,A
CHL,IMF_CNT_COUNTRY_924,2013,2.99786,A
CHL,IMF_CNT_COUNTRY_924,2014,25.0282,A
CHL,IMF_CNT_COUNTRY_924,2015,167.714,A
CHL,IMF_CNT_COUNTRY_924,2016,348.47,A
CHL,IMF_CNT_COUNTRY_924,2017,379.03,A
CHL,IMF_CNT_COUNTRY_924,2018,403.888,A
CHL,IMF_CNT_COUNTRY_924,2019,516.562,A
CHL,IMF_CNT_COUNTRY_924,2020,769.915,A
CHL,IMF_CNT_COUNTRY_924,2021,631.775,A
CHL,IMF_CNT_COUNTRY_924,2022,726.591,A
CHL,IMF_CNT_COUNTRY_924,2023,763.767,A
CIV,IMF_CNT_COUNTRY_924,2016,8.26387,A
CIV,IMF_CNT_COUNTRY_924,2017,44.0328,A
CIV,IMF_CNT_COUNTRY_924,2018,65.118,A
CIV,IMF_CNT_COUNTRY_924,2019,96.0982,A
CIV,IMF_CNT_COUNTRY_924,2020,111.214,A
CIV,IMF_CNT_COUNTRY_924,2021,141.508,A
CIV,IMF_CNT_COUNTRY_924,2022,180.013,A
CRI,IMF_CNT_COUNTRY_924,2009,35.6978,A
CRI,IMF_CNT_COUNTRY_924,2010,37.9854,A
CRI,IMF_CNT_COUNTRY_924,2011,40.5557,A
CRI,IMF_CNT_COUNTRY_924,2012,46.2208,A
CRI,IMF_CNT_COUNTRY_924,2013,52.994,A
CRI,IMF_CNT_COUNTRY_924,2014,64.1083,A
CRI,IMF_CNT_COUNTRY_924,2015,78.1359,A
CRI,IMF_CNT_COUNTRY_924,2016,82.0603,A
CRI,IMF_CNT_COUNTRY_924,2017,84.2598,A
CRI,IMF_CNT_COUNTRY_924,2018,88.0383,A
CRI,IMF_CNT_COUNTRY_924,2019,92.6222,A
CRI,IMF_CNT_COUNTRY_924,2020,95.8545,A
CRI,IMF_CNT_COUNTRY_924,2021,96.913,A
CRI,IMF_CNT_COUNTRY_924,2022,99.3438,A
CRI,IMF_CNT_COUNTRY_924,2023,102.469,A
CYP,IMF_CNT_COUNTRY_924,2012,133.804,A
CYP,IMF_CNT_COUNTRY_924,2013,399.406,A
CYP,IMF_CNT_COUNTRY_924,2014,514.252,A
CYP,IMF_CNT_COUNTRY_924,2015,545.421,A
CYP,IMF_CNT_COUNTRY_924,2016,686.17,A
CYP,IMF_CNT_COUNTRY_924,2017,1064.43,A
CYP,IMF_CNT_COUNTRY_924,2018,1598.19,A
CYP,IMF_CNT_COUNTRY_924,2019,1984.89,A
CYP,IMF_CNT_COUNTRY_924,2020,2650.39,A
CYP,IMF_CNT_COUNTRY_924,2021,2660.44,A
CYP,IMF_CNT_COUNTRY_924,2022,2615.62,A
CZE,IMF_CNT_COUNTRY_924,2009,53.8382,A
CZE,IMF_CNT_COUNTRY_924,2010,59.3675,A
CZE,IMF_CNT_COUNTRY_924,2011,-42.2317,A
CZE,IMF_CNT_COUNTRY_924,2012,-9.33088,A
CZE,IMF_CNT_COUNTRY_924,2013,-8.56957,A
CZE,IMF_CNT_COUNTRY_924,2014,-13.3258,A
CZE,IMF_CNT_COUNTRY_924,2015,268.342,A
CZE,IMF_CNT_COUNTRY_924,2016,664.962,A
CZE,IMF_CNT_COUNTRY_924,2017,707.268,A
CZE,IMF_CNT_COUNTRY_924,2018,687.268,A
CZE,IMF_CNT_COUNTRY_924,2019,705.45,A
CZE,IMF_CNT_COUNTRY_924,2020,204.415,A
CZE,IMF_CNT_COUNTRY_924,2021,543.611,A
CZE,IMF_CNT_COUNTRY_924,2022,595.601,A
CZE,IMF_CNT_COUNTRY_924,2023,601.989,A
DEU,IMF_CNT_COUNTRY_924,2009,939.271,A
DEU,IMF_CNT_COUNTRY_924,2010,1148.6,A
DEU,IMF_CNT_COUNTRY_924,2011,1601.85,A
DEU,IMF_CNT_COUNTRY_924,2012,2239.15,A
DEU,IMF_CNT_COUNTRY_924,2013,2462.38,A
DEU,IMF_CNT_COUNTRY_924,2014,2655.84,A
DEU,IMF_CNT_COUNTRY_924,2015,3042.92,A
DEU,IMF_CNT_COUNTRY_924,2016,3930.84,A
DEU,IMF_CNT_COUNTRY_924,2017,4846.73,A
DEU,IMF_CNT_COUNTRY_924,2018,3862.77,A
DEU,IMF_CNT_COUNTRY_924,2019,5433.21,A
DEU,IMF_CNT_COUNTRY_924,2020,6136.73,A
DEU,IMF_CNT_COUNTRY_924,2021,6853.36,A
DEU,IMF_CNT_COUNTRY_924,2022,6613.99,A
DEU,IMF_CNT_COUNTRY_924,2023,7055.43,A
DNK,IMF_CNT_COUNTRY_924,2009,154.14,A
DNK,IMF_CNT_COUNTRY_924,2010,302.852,A
DNK,IMF_CNT_COUNTRY_924,2011,278.474,A
DNK,IMF_CNT_COUNTRY_924,2012,212.048,A
DNK,IMF_CNT_COUNTRY_924,2013,106.232,A
DNK,IMF_CNT_COUNTRY_924,2014,174.633,A
DNK,IMF_CNT_COUNTRY_924,2015,248.755,A
DNK,IMF_CNT_COUNTRY_924,2016,310.515,A
DNK,IMF_CNT_COUNTRY_924,2017,259.194,A
DNK,IMF_CNT_COUNTRY_924,2018,136.669,A
DNK,IMF_CNT_COUNTRY_924,2019,160.278,A
DNK,IMF_CNT_COUNTRY_924,2020,191.66,A
DNK,IMF_CNT_COUNTRY_924,2021,110.041,A
DNK,IMF_CNT_COUNTRY_924,2022,80.0321,A
DNK,IMF_CNT_COUNTRY_924,2023,89.4035,A
DZA,IMF_CNT_COUNTRY_924,2018,585.724,A
DZA,IMF_CNT_COUNTRY_924,2019,598.806,A
DZA,IMF_CNT_COUNTRY_924,2020,598.773,A
DZA,IMF_CNT_COUNTRY_924,2021,595.016,A
DZA,IMF_CNT_COUNTRY_924,2022,597.26,A
DZA,IMF_CNT_COUNTRY_924,2023,608.945,A
ESP,IMF_CNT_COUNTRY_924,2013,784.708,A
ESP,IMF_CNT_COUNTRY_924,2014,484.426,A
ESP,IMF_CNT_COUNTRY_924,2015,506.246,A
ESP,IMF_CNT_COUNTRY_924,2016,1387.2,A
ESP,IMF_CNT_COUNTRY_924,2017,2096.38,A
ESP,IMF_CNT_COUNTRY_924,2018,3567.82,A
ESP,IMF_CNT_COUNTRY_924,2019,1562.65,A
ESP,IMF_CNT_COUNTRY_924,2020,2418.61,A
ESP,IMF_CNT_COUNTRY_924,2021,909.478,A
ESP,IMF_CNT_COUNTRY_924,2022,2853.16,A
ESP,IMF_CNT_COUNTRY_924,2023,3353.68,A
EST,IMF_CNT_COUNTRY_924,2009,12.6773,A
EST,IMF_CNT_COUNTRY_924,2010,40.7541,A
EST,IMF_CNT_COUNTRY_924,2011,-15.0092,A
EST,IMF_CNT_COUNTRY_924,2012,22.4298,A
EST,IMF_CNT_COUNTRY_924,2013,10.1143,A
EST,IMF_CNT_COUNTRY_924,2014,19.8554,A
EST,IMF_CNT_COUNTRY_924,2015,11.5751,A
EST,IMF_CNT_COUNTRY_924,2016,10.9226,A
EST,IMF_CNT_COUNTRY_924,2017,17.2028,A
EST,IMF_CNT_COUNTRY_924,2018,42.8574,A
EST,IMF_CNT_COUNTRY_924,2019,35.5118,A
EST,IMF_CNT_COUNTRY_924,2020,52.18,A
EST,IMF_CNT_COUNTRY_924,2021,152.785,A
EST,IMF_CNT_COUNTRY_924,2022,57.2604,A
EST,IMF_CNT_COUNTRY_924,2023,61.2844,A
FIN,IMF_CNT_COUNTRY_924,2009,-92.3531,A
FIN,IMF_CNT_COUNTRY_924,2010,-47.3786,A
FIN,IMF_CNT_COUNTRY_924,2011,-197.524,A
FIN,IMF_CNT_COUNTRY_924,2012,-15.437,A
FIN,IMF_CNT_COUNTRY_924,2013,16.5492,A
FIN,IMF_CNT_COUNTRY_924,2014,-43.7076,A
FIN,IMF_CNT_COUNTRY_924,2015,-47.9028,A
FIN,IMF_CNT_COUNTRY_924,2016,-49.5427,A
FIN,IMF_CNT_COUNTRY_924,2017,-87.5489,A
FIN,IMF_CNT_COUNTRY_924,2018,-73.28,A
FIN,IMF_CNT_COUNTRY_924,2019,4141.98,A
FIN,IMF_CNT_COUNTRY_924,2020,161.977,A
FIN,IMF_CNT_COUNTRY_924,2021,289.946,A
FIN,IMF_CNT_COUNTRY_924,2022,190.921,A
FIN,IMF_CNT_COUNTRY_924,2023,312.715,A
FJI,IMF_CNT_COUNTRY_924,2014,83.0608,A
FJI,IMF_CNT_COUNTRY_924,2015,94.4904,A
FJI,IMF_CNT_COUNTRY_924,2016,108.033,A
FJI,IMF_CNT_COUNTRY_924,2017,102.159,A
FJI,IMF_CNT_COUNTRY_924,2018,111.448,A
FJI,IMF_CNT_COUNTRY_924,2019,111.961,A
FJI,IMF_CNT_COUNTRY_924,2020,140.84,A
FJI,IMF_CNT_COUNTRY_924,2021,80.7952,A
FRA,IMF_CNT_COUNTRY_924,2009,488.363,A
FRA,IMF_CNT_COUNTRY_924,2010,474.351,A
FRA,IMF_CNT_COUNTRY_924,2011,2181.98,A
FRA,IMF_CNT_COUNTRY_924,2012,713.079,A
FRA,IMF_CNT_COUNTRY_924,2013,1415.71,A
FRA,IMF_CNT_COUNTRY_924,2014,1367.46,A
FRA,IMF_CNT_COUNTRY_924,2015,1587.56,A
FRA,IMF_CNT_COUNTRY_924,2016,2838.41,A
FRA,IMF_CNT_COUNTRY_924,2017,3874.3,A
FRA,IMF_CNT_COUNTRY_924,2018,2893.14,A
FRA,IMF_CNT_COUNTRY_924,2019,3160.97,A
FRA,IMF_CNT_COUNTRY_924,2020,3616.86,A
FRA,IMF_CNT_COUNTRY_924,2021,3344.71,A
FRA,IMF_CNT_COUNTRY_924,2022,3353.43,A
FRA,IMF_CNT_COUNTRY_924,2023,3467.66,A
GBR,IMF_CNT_COUNTRY_924,2009,1000.85,A
GBR,IMF_CNT_COUNTRY_924,2010,627.766,A
GBR,IMF_CNT_COUNTRY_924,2011,1181.22,A
GBR,IMF_CNT_COUNTRY_924,2012,1761.05,A
GBR,IMF_CNT_COUNTRY_924,2013,1564.46,A
GBR,IMF_CNT_COUNTRY_924,2014,2233.5,A
GBR,IMF_CNT_COUNTRY_924,2015,3350.58,A
GBR,IMF_CNT_COUNTRY_924,2016,1874.82,A
GBR,IMF_CNT_COUNTRY_924,2017,3102.24,A
GBR,IMF_CNT_COUNTRY_924,2018,4576.73,A
GBR,IMF_CNT_COUNTRY_924,2019,4302.54,A
GBR,IMF_CNT_COUNTRY_924,2020,4207.17,A
GBR,IMF_CNT_COUNTRY_924,2021,5765.87,A
GBR,IMF_CNT_COUNTRY_924,2022,5208.55,A
GBR,IMF_CNT_COUNTRY_924,2023,5411.31,A
GEO,IMF_CNT_COUNTRY_924,2009,42.4531,A
GEO,IMF_CNT_COUNTRY_924,2010,34.5711,A
GEO,IMF_CNT_COUNTRY_924,2011,44.2142,A
GEO,IMF_CNT_COUNTRY_924,2013,170.214,A
GEO,IMF_CNT_COUNTRY_924,2014,388.159,A
GEO,IMF_CNT_COUNTRY_924,2015,589.719,A
GEO,IMF_CNT_COUNTRY_924,2016,602.297,A
GEO,IMF_CNT_COUNTRY_924,2017,622.854,A
GEO,IMF_CNT_COUNTRY_924,2018,688.794,A
GEO,IMF_CNT_COUNTRY_924,2019,719.775,A
GEO,IMF_CNT_COUNTRY_924,2020,662.648,A
GEO,IMF_CNT_COUNTRY_924,2021,620.075,A
GEO,IMF_CNT_COUNTRY_924,2022,674.582,A
GEO,IMF_CNT_COUNTRY_924,2023,774.437,A
GHA,IMF_CNT_COUNTRY_924,2009,185.24,A
GHA,IMF_CNT_COUNTRY_924,2010,-1.65699,A
GHA,IMF_CNT_COUNTRY_924,2011,-34.7819,A
GHA,IMF_CNT_COUNTRY_924,2012,107.761,A
GHA,IMF_CNT_COUNTRY_924,2013,149.581,A
GHA,IMF_CNT_COUNTRY_924,2014,4.59961,A
GHA,IMF_CNT_COUNTRY_924,2015,23.308,A
GHA,IMF_CNT_COUNTRY_924,2016,435.601,A
GHA,IMF_CNT_COUNTRY_924,2017,544.541,A
GHA,IMF_CNT_COUNTRY_924,2018,4.29788,A
GHA,IMF_CNT_COUNTRY_924,2019,147.841,A
GHA,IMF_CNT_COUNTRY_924,2020,6.55729,A
GHA,IMF_CNT_COUNTRY_924,2021,212.298,A
GHA,IMF_CNT_COUNTRY_924,2022,148.68,A
GHA,IMF_CNT_COUNTRY_924,2023,292.524,A
GIN,IMF_CNT_COUNTRY_924,2018,31.571,A
GIN,IMF_CNT_COUNTRY_924,2019,77.8904,A
GIN,IMF_CNT_COUNTRY_924,2020,521.65,A
GIN,IMF_CNT_COUNTRY_924,2021,289.335,A
GIN,IMF_CNT_COUNTRY_924,2022,684.863,A
GIN,IMF_CNT_COUNTRY_924,2023,1149.23,A
GNB,IMF_CNT_COUNTRY_924,2011,0.0,A
GNB,IMF_CNT_COUNTRY_924,2012,0.0,A
GNB,IMF_CNT_COUNTRY_924,2016,0.0,A
GNB,IMF_CNT_COUNTRY_924,2017,0.0,A
GNB,IMF_CNT_COUNTRY_924,2018,0.0,A
GNB,IMF_CNT_COUNTRY_924,2019,0.0,A
GNB,IMF_CNT_COUNTRY_924,2020,0.0,A
GNB,IMF_CNT_COUNTRY_924,2022,0.0,A
GNB,IMF_CNT_COUNTRY_924,2023,0.0,A
GRC,IMF_CNT_COUNTRY_924,2009,8.6436,A
GRC,IMF_CNT_COUNTRY_924,2010,8.0172,A
GRC,IMF_CNT_COUNTRY_924,2011,-0.90573,A
GRC,IMF_CNT_COUNTRY_924,2012,-2.11104,A
GRC,IMF_CNT_COUNTRY_924,2013,329.324,A
GRC,IMF_CNT_COUNTRY_924,2014,13.725,A
GRC,IMF_CNT_COUNTRY_924,2015,6.37662,A
GRC,IMF_CNT_COUNTRY_924,2016,10.0919,A
GRC,IMF_CNT_COUNTRY_924,2017,128.749,A
GRC,IMF_CNT_COUNTRY_924,2018,255.97,A
GRC,IMF_CNT_COUNTRY_924,2019,400.402,A
GRC,IMF_CNT_COUNTRY_924,2020,745.684,A
GRC,IMF_CNT_COUNTRY_924,2021,750.038,A
GRC,IMF_CNT_COUNTRY_924,2022,747.196,A
GRC,IMF_CNT_COUNTRY_924,2023,1014.82,A
GTM,IMF_CNT_COUNTRY_924,2010,12.8947,A
GTM,IMF_CNT_COUNTRY_924,2011,24.3557,A
GTM,IMF_CNT_COUNTRY_924,2012,1.0416,A
GTM,IMF_CNT_COUNTRY_924,2013,10.2,A
GTM,IMF_CNT_COUNTRY_924,2014,22.0807,A
GTM,IMF_CNT_COUNTRY_924,2015,22.9796,A
GTM,IMF_CNT_COUNTRY_924,2017,33.8932,A
GTM,IMF_CNT_COUNTRY_924,2018,28.3947,A
GTM,IMF_CNT_COUNTRY_924,2019,33.3375,A
GTM,IMF_CNT_COUNTRY_924,2020,33.6693,A
GTM,IMF_CNT_COUNTRY_924,2021,39.1215,A
GTM,IMF_CNT_COUNTRY_924,2022,41.8081,A
GTM,IMF_CNT_COUNTRY_924,2023,49.0744,A
HKG,IMF_CNT_COUNTRY_924,2009,317908.0,A
HKG,IMF_CNT_COUNTRY_924,2010,373682.0,A
HKG,IMF_CNT_COUNTRY_924,2011,386087.0,A
HKG,IMF_CNT_COUNTRY_924,2012,390522.0,A
HKG,IMF_CNT_COUNTRY_924,2013,356707.0,A
HKG,IMF_CNT_COUNTRY_924,2014,358951.0,A
HKG,IMF_CNT_COUNTRY_924,2015,348995.0,A
HKG,IMF_CNT_COUNTRY_924,2016,340494.0,A
HKG,IMF_CNT_COUNTRY_924,2017,405041.0,A
HKG,IMF_CNT_COUNTRY_924,2018,465528.0,A
HKG,IMF_CNT_COUNTRY_924,2019,476457.0,A
HKG,IMF_CNT_COUNTRY_924,2020,529326.0,A
HKG,IMF_CNT_COUNTRY_924,2021,573318.0,A
HKG,IMF_CNT_COUNTRY_924,2022,616569.0,A
HKG,IMF_CNT_COUNTRY_924,2023,645759.0,A
HND,IMF_CNT_COUNTRY_924,2014,-0.524254,A
HND,IMF_CNT_COUNTRY_924,2015,-0.524254,A
HND,IMF_CNT_COUNTRY_924,2016,10.667,A
HND,IMF_CNT_COUNTRY_924,2017,17.7021,A
HND,IMF_CNT_COUNTRY_924,2018,-1.87359,A
HND,IMF_CNT_COUNTRY_924,2019,3.38209,A
HND,IMF_CNT_COUNTRY_924,2020,-10.7176,A
HND,IMF_CNT_COUNTRY_924,2021,0.191453,A
HND,IMF_CNT_COUNTRY_924,2022,0.23104,A
HND,IMF_CNT_COUNTRY_924,2023,0.222571,A
HRV,IMF_CNT_COUNTRY_924,2009,0.946885,A
HRV,IMF_CNT_COUNTRY_924,2010,0.931584,A
HRV,IMF_CNT_COUNTRY_924,2011,0.80476,A
HRV,IMF_CNT_COUNTRY_924,2012,0.0148637,A
HRV,IMF_CNT_COUNTRY_924,2013,0.0153575,A
HRV,IMF_CNT_COUNTRY_924,2014,1.254,A
HRV,IMF_CNT_COUNTRY_924,2015,2.98136,A
HRV,IMF_CNT_COUNTRY_924,2016,1.22257,A
HRV,IMF_CNT_COUNTRY_924,2017,9.40327,A
HRV,IMF_CNT_COUNTRY_924,2018,12.1963,A
HRV,IMF_CNT_COUNTRY_924,2019,78.4724,A
HRV,IMF_CNT_COUNTRY_924,2020,119.491,A
HRV,IMF_CNT_COUNTRY_924,2021,119.191,A
HRV,IMF_CNT_COUNTRY_924,2022,117.639,A
HRV,IMF_CNT_COUNTRY_924,2023,120.883,A
HUN,IMF_CNT_COUNTRY_924,2009,13.4038,A
HUN,IMF_CNT_COUNTRY_924,2010,133.484,A
HUN,IMF_CNT_COUNTRY_924,2011,-36.5931,A
HUN,IMF_CNT_COUNTRY_924,2012,72.5943,A
HUN,IMF_CNT_COUNTRY_924,2013,92.6249,A
HUN,IMF_CNT_COUNTRY_924,2014,86.1364,A
HUN,IMF_CNT_COUNTRY_924,2015,98.7143,A
HUN,IMF_CNT_COUNTRY_924,2016,175.766,A
HUN,IMF_CNT_COUNTRY_924,2017,273.08,A
HUN,IMF_CNT_COUNTRY_924,2018,80.6286,A
HUN,IMF_CNT_COUNTRY_924,2019,-31.0539,A
HUN,IMF_CNT_COUNTRY_924,2020,277.612,A
HUN,IMF_CNT_COUNTRY_924,2021,947.991,A
HUN,IMF_CNT_COUNTRY_924,2022,1358.51,A
HUN,IMF_CNT_COUNTRY_924,2023,1753.72,A
IDN,IMF_CNT_COUNTRY_924,2009,3450.05,A
IDN,IMF_CNT_COUNTRY_924,2010,3378.97,A
IDN,IMF_CNT_COUNTRY_924,2011,5112.16,A
IDN,IMF_CNT_COUNTRY_924,2012,4772.27,A
IDN,IMF_CNT_COUNTRY_924,2013,2336.95,A
IDN,IMF_CNT_COUNTRY_924,2014,4540.46,A
IDN,IMF_CNT_COUNTRY_924,2015,4817.28,A
IDN,IMF_CNT_COUNTRY_924,2016,4848.04,A
IDN,IMF_CNT_COUNTRY_924,2017,5586.27,A
IDN,IMF_CNT_COUNTRY_924,2018,6249.37,A
IDN,IMF_CNT_COUNTRY_924,2019,7294.77,A
IDN,IMF_CNT_COUNTRY_924,2020,8003.32,A
IDN,IMF_CNT_COUNTRY_924,2021,13280.9,A
IDN,IMF_CNT_COUNTRY_924,2022,17129.3,A
IDN,IMF_CNT_COUNTRY_924,2023,19799.6,A
IND,IMF_CNT_COUNTRY_924,2010,188.351,A
IND,IMF_CNT_COUNTRY_924,2011,222.155,A
IND,IMF_CNT_COUNTRY_924,2012,694.613,A
IND,IMF_CNT_COUNTRY_924,2013,404.85,A
IND,IMF_CNT_COUNTRY_924,2014,371.742,A
IND,IMF_CNT_COUNTRY_924,2015,605.027,A
IND,IMF_CNT_COUNTRY_924,2016,299.317,A
IND,IMF_CNT_COUNTRY_924,2017,501.836,A
IND,IMF_CNT_COUNTRY_924,2018,935.203,A
IND,IMF_CNT_COUNTRY_924,2019,1162.63,A
IND,IMF_CNT_COUNTRY_924,2020,1657.76,A
IND,IMF_CNT_COUNTRY_924,2021,1540.81,A
IND,IMF_CNT_COUNTRY_924,2022,1501.47,A
IND,IMF_CNT_COUNTRY_924,2023,1692.31,A
IRL,IMF_CNT_COUNTRY_924,2009,-157.025,A
IRL,IMF_CNT_COUNTRY_924,2010,-1167.84,A
IRL,IMF_CNT_COUNTRY_924,2011,-331.238,A
IRL,IMF_CNT_COUNTRY_924,2012,-327.211,A
IRL,IMF_CNT_COUNTRY_924,2013,-929.513,A
IRL,IMF_CNT_COUNTRY_924,2014,-261.032,A
IRL,IMF_CNT_COUNTRY_924,2018,7210.77,A
IRL,IMF_CNT_COUNTRY_924,2019,8855.87,A
IRL,IMF_CNT_COUNTRY_924,2020,10073.1,A
IRL,IMF_CNT_COUNTRY_924,2021,10061.1,A
IRL,IMF_CNT_COUNTRY_924,2022,9825.76,A
IRL,IMF_CNT_COUNTRY_924,2023,10256.1,A
ISL,IMF_CNT_COUNTRY_924,2013,6.24957,A
ISL,IMF_CNT_COUNTRY_924,2014,0.389411,A
ISL,IMF_CNT_COUNTRY_924,2015,5.58935,A
ISL,IMF_CNT_COUNTRY_924,2016,15.383,A
ISL,IMF_CNT_COUNTRY_924,2017,5.8985,A
ISL,IMF_CNT_COUNTRY_924,2018,4.54043,A
ISL,IMF_CNT_COUNTRY_924,2019,2.4178,A
ISL,IMF_CNT_COUNTRY_924,2020,1.50246,A
ISL,IMF_CNT_COUNTRY_924,2021,4.18254,A
ISL,IMF_CNT_COUNTRY_924,2022,1.30346,A
ISL,IMF_CNT_COUNTRY_924,2023,1.32375,A
ISR,IMF_CNT_COUNTRY_924,2010,0.0,A
ISR,IMF_CNT_COUNTRY_924,2011,0.0,A
ISR,IMF_CNT_COUNTRY_924,2012,0.0,A
ISR,IMF_CNT_COUNTRY_924,2015,77.0,A
ISR,IMF_CNT_COUNTRY_924,2016,232.0,A
ISR,IMF_CNT_COUNTRY_924,2017,3575.5,A
ISR,IMF_CNT_COUNTRY_924,2018,4260.41,A
ITA,IMF_CNT_COUNTRY_924,2009,461.804,A
ITA,IMF_CNT_COUNTRY_924,2010,426.523,A
ITA,IMF_CNT_COUNTRY_924,2011,598.324,A
ITA,IMF_CNT_COUNTRY_924,2012,795.001,A
ITA,IMF_CNT_COUNTRY_924,2013,-243.329,A
ITA,IMF_CNT_COUNTRY_924,2014,75.9439,A
ITA,IMF_CNT_COUNTRY_924,2015,107.378,A
ITA,IMF_CNT_COUNTRY_924,2016,32.2935,A
ITA,IMF_CNT_COUNTRY_924,2017,-372.741,A
ITA,IMF_CNT_COUNTRY_924,2018,959.545,A
ITA,IMF_CNT_COUNTRY_924,2019,1130.98,A
ITA,IMF_CNT_COUNTRY_924,2020,978.276,A
ITA,IMF_CNT_COUNTRY_924,2021,92.4825,A
ITA,IMF_CNT_COUNTRY_924,2022,348.228,A
ITA,IMF_CNT_COUNTRY_924,2023,477.773,A
JOR,IMF_CNT_COUNTRY_924,2009,1.4,A
JPN,IMF_CNT_COUNTRY_924,2009,196.611,A
JPN,IMF_CNT_COUNTRY_924,2010,399.214,A
JPN,IMF_CNT_COUNTRY_924,2011,559.187,A
JPN,IMF_CNT_COUNTRY_924,2012,550.26,A
JPN,IMF_CNT_COUNTRY_924,2013,576.106,A
JPN,IMF_CNT_COUNTRY_924,2014,637.881,A
JPN,IMF_CNT_COUNTRY_924,2015,655.943,A
JPN,IMF_CNT_COUNTRY_924,2016,828.579,A
JPN,IMF_CNT_COUNTRY_924,2017,1332.44,A
JPN,IMF_CNT_COUNTRY_924,2018,1681.72,A
JPN,IMF_CNT_COUNTRY_924,2019,2037.49,A
JPN,IMF_CNT_COUNTRY_924,2020,2516.27,A
JPN,IMF_CNT_COUNTRY_924,2021,2559.65,A
JPN,IMF_CNT_COUNTRY_924,2022,2521.39,A
JPN,IMF_CNT_COUNTRY_924,2023,2584.7,A
KAZ,IMF_CNT_COUNTRY_924,2009,2129.97,A
KAZ,IMF_CNT_COUNTRY_924,2010,2558.92,A
KAZ,IMF_CNT_COUNTRY_924,2011,4049.3,A
KAZ,IMF_CNT_COUNTRY_924,2012,5308.03,A
KAZ,IMF_CNT_COUNTRY_924,2013,5677.7,A
KAZ,IMF_CNT_COUNTRY_924,2014,4630.63,A
KAZ,IMF_CNT_COUNTRY_924,2015,10042.6,A
KAZ,IMF_CNT_COUNTRY_924,2016,9714.83,A
KAZ,IMF_CNT_COUNTRY_924,2017,9397.11,A
KAZ,IMF_CNT_COUNTRY_924,2018,8268.58,A
KAZ,IMF_CNT_COUNTRY_924,2019,7649.4,A
KAZ,IMF_CNT_COUNTRY_924,2020,5942.85,A
KAZ,IMF_CNT_COUNTRY_924,2021,5459.51,A
KAZ,IMF_CNT_COUNTRY_924,2022,5936.62,A
KAZ,IMF_CNT_COUNTRY_924,2023,6754.75,A
KGZ,IMF_CNT_COUNTRY_924,2009,92.1675,A
KGZ,IMF_CNT_COUNTRY_924,2010,135.354,A
KGZ,IMF_CNT_COUNTRY_924,2011,290.848,A
KGZ,IMF_CNT_COUNTRY_924,2012,334.486,A
KGZ,IMF_CNT_COUNTRY_924,2013,697.657,A
KGZ,IMF_CNT_COUNTRY_924,2014,747.126,A
KGZ,IMF_CNT_COUNTRY_924,2015,1118.28,A
KGZ,IMF_CNT_COUNTRY_924,2016,1299.5,A
KGZ,IMF_CNT_COUNTRY_924,2017,1393.68,A
KGZ,IMF_CNT_COUNTRY_924,2018,1345.08,A
KGZ,IMF_CNT_COUNTRY_924,2019,1520.69,A
KGZ,IMF_CNT_COUNTRY_924,2020,1037.18,A
KGZ,IMF_CNT_COUNTRY_924,2021,774.329,A
KGZ,IMF_CNT_COUNTRY_924,2022,798.139,A
KGZ,IMF_CNT_COUNTRY_924,2023,679.089,A
KHM,IMF_CNT_COUNTRY_924,2009,1113.39,A
KHM,IMF_CNT_COUNTRY_924,2010,1665.15,A
KHM,IMF_CNT_COUNTRY_924,2011,2245.44,A
KHM,IMF_CNT_COUNTRY_924,2012,2929.67,A
KHM,IMF_CNT_COUNTRY_924,2013,3597.38,A
KHM,IMF_CNT_COUNTRY_924,2014,4208.4,A
KHM,IMF_CNT_COUNTRY_924,2015,4823.84,A
KHM,IMF_CNT_COUNTRY_924,2016,5428.38,A
KHM,IMF_CNT_COUNTRY_924,2017,6062.61,A
KHM,IMF_CNT_COUNTRY_924,2018,6786.45,A
KHM,IMF_CNT_COUNTRY_924,2019,9731.37,A
KHM,IMF_CNT_COUNTRY_924,2020,10839.0,A
KHM,IMF_CNT_COUNTRY_924,2021,12068.5,A
KHM,IMF_CNT_COUNTRY_924,2022,13577.0,A
KHM,IMF_CNT_COUNTRY_924,2023,15568.2,A
KOR,IMF_CNT_COUNTRY_924,2009,978.437,A
KOR,IMF_CNT_COUNTRY_924,2010,1078.36,A
KOR,IMF_CNT_COUNTRY_924,2011,1473.57,A
KOR,IMF_CNT_COUNTRY_924,2012,1995.78,A
KOR,IMF_CNT_COUNTRY_924,2013,2432.42,A
KOR,IMF_CNT_COUNTRY_924,2014,2747.13,A
KOR,IMF_CNT_COUNTRY_924,2015,4668.72,A
KOR,IMF_CNT_COUNTRY_924,2016,5575.55,A
KOR,IMF_CNT_COUNTRY_924,2017,5661.07,A
KOR,IMF_CNT_COUNTRY_924,2018,8351.48,A
KOR,IMF_CNT_COUNTRY_924,2019,8684.31,A
KOR,IMF_CNT_COUNTRY_924,2020,8608.59,A
KOR,IMF_CNT_COUNTRY_924,2021,8530.17,A
KOR,IMF_CNT_COUNTRY_924,2022,8837.48,A
KOR,IMF_CNT_COUNTRY_924,2023,9100.07,A
KWT,IMF_CNT_COUNTRY_924,2015,55.9112,A
KWT,IMF_CNT_COUNTRY_924,2016,50.3577,A
KWT,IMF_CNT_COUNTRY_924,2017,51.9841,A
KWT,IMF_CNT_COUNTRY_924,2018,51.7015,A
KWT,IMF_CNT_COUNTRY_924,2019,54.5224,A
KWT,IMF_CNT_COUNTRY_924,2020,55.0362,A
KWT,IMF_CNT_COUNTRY_924,2021,57.4446,A
KWT,IMF_CNT_COUNTRY_924,2022,59.0753,A
KWT,IMF_CNT_COUNTRY_924,2023,59.9642,A
LBN,IMF_CNT_COUNTRY_924,2011,0.0,A
LBN,IMF_CNT_COUNTRY_924,2012,0.0,A
LBN,IMF_CNT_COUNTRY_924,2013,0.0,A
LBN,IMF_CNT_COUNTRY_924,2014,0.0,A
LBN,IMF_CNT_COUNTRY_924,2015,0.0,A
LBN,IMF_CNT_COUNTRY_924,2016,0.0,A
LBN,IMF_CNT_COUNTRY_924,2017,0.0,A
LBN,IMF_CNT_COUNTRY_924,2018,0.0,A
LBN,IMF_CNT_COUNTRY_924,2019,0.0,A
LBN,IMF_CNT_COUNTRY_924,2020,0.0,A
LBN,IMF_CNT_COUNTRY_924,2021,0.0,A
LBN,IMF_CNT_COUNTRY_924,2022,0.0,A
LKA,IMF_CNT_COUNTRY_924,2013,482.702,A
LKA,IMF_CNT_COUNTRY_924,2014,628.019,A
LKA,IMF_CNT_COUNTRY_924,2015,788.951,A
LKA,IMF_CNT_COUNTRY_924,2016,756.829,A
LKA,IMF_CNT_COUNTRY_924,2017,1156.72,A
LKA,IMF_CNT_COUNTRY_924,2018,2127.97,A
LKA,IMF_CNT_COUNTRY_924,2019,2185.67,A
LKA,IMF_CNT_COUNTRY_924,2020,2188.11,A
LKA,IMF_CNT_COUNTRY_924,2021,2250.36,A
LKA,IMF_CNT_COUNTRY_924,2022,2214.29,A
LKA,IMF_CNT_COUNTRY_924,2023,2229.73,A
LTU,IMF_CNT_COUNTRY_924,2009,0.910527,A
LTU,IMF_CNT_COUNTRY_924,2010,0.988544,A
LTU,IMF_CNT_COUNTRY_924,2011,0.805424,A
LTU,IMF_CNT_COUNTRY_924,2012,0.901765,A
LTU,IMF_CNT_COUNTRY_924,2013,0.888517,A
LTU,IMF_CNT_COUNTRY_924,2014,0.528411,A
LTU,IMF_CNT_COUNTRY_924,2015,2.15563,A
LTU,IMF_CNT_COUNTRY_924,2016,4.59588,A
LTU,IMF_CNT_COUNTRY_924,2017,9.13867,A
LTU,IMF_CNT_COUNTRY_924,2018,6.5265,A
LTU,IMF_CNT_COUNTRY_924,2019,9.43656,A
LTU,IMF_CNT_COUNTRY_924,2020,7.43623,A
LTU,IMF_CNT_COUNTRY_924,2021,29.878,A
LTU,IMF_CNT_COUNTRY_924,2022,27.241,A
LTU,IMF_CNT_COUNTRY_924,2023,43.6917,A
LUX,IMF_CNT_COUNTRY_924,2009,3155.63,A
LUX,IMF_CNT_COUNTRY_924,2010,3192.58,A
LUX,IMF_CNT_COUNTRY_924,2011,14507.5,A
LUX,IMF_CNT_COUNTRY_924,2012,2116.5,A
LUX,IMF_CNT_COUNTRY_924,2013,2541.25,A
LUX,IMF_CNT_COUNTRY_924,2014,2862.78,A
LUX,IMF_CNT_COUNTRY_924,2015,5796.31,A
LUX,IMF_CNT_COUNTRY_924,2016,8264.98,A
LUX,IMF_CNT_COUNTRY_924,2017,5762.89,A
LUX,IMF_CNT_COUNTRY_924,2018,10463.9,A
LUX,IMF_CNT_COUNTRY_924,2019,11636.6,A
LUX,IMF_CNT_COUNTRY_924,2020,13289.0,A
LUX,IMF_CNT_COUNTRY_924,2021,11248.0,A
LUX,IMF_CNT_COUNTRY_924,2022,4583.33,A
LUX,IMF_CNT_COUNTRY_924,2023,5593.24,A
LVA,IMF_CNT_COUNTRY_924,2009,0.0,A
LVA,IMF_CNT_COUNTRY_924,2010,1.3362,A
LVA,IMF_CNT_COUNTRY_924,2011,0.0,A
LVA,IMF_CNT_COUNTRY_924,2012,0.0,A
LVA,IMF_CNT_COUNTRY_924,2013,4.1373,A
LVA,IMF_CNT_COUNTRY_924,2014,72.846,A
LVA,IMF_CNT_COUNTRY_924,2015,69.6768,A
LVA,IMF_CNT_COUNTRY_924,2016,69.5706,A
LVA,IMF_CNT_COUNTRY_924,2017,74.3566,A
LVA,IMF_CNT_COUNTRY_924,2018,43.51,A
LVA,IMF_CNT_COUNTRY_924,2019,30.3318,A
LVA,IMF_CNT_COUNTRY_924,2020,26.9962,A
LVA,IMF_CNT_COUNTRY_924,2021,117.79,A
LVA,IMF_CNT_COUNTRY_924,2022,82.1282,A
LVA,IMF_CNT_COUNTRY_924,2023,90.61,A
MAC,IMF_CNT_COUNTRY_924,2009,1281.02,A
MAC,IMF_CNT_COUNTRY_924,2010,1702.88,A
MAC,IMF_CNT_COUNTRY_924,2011,2024.53,A
MAC,IMF_CNT_COUNTRY_924,2012,2312.79,A
MAC,IMF_CNT_COUNTRY_924,2013,2665.35,A
MAC,IMF_CNT_COUNTRY_924,2014,3293.52,A
MAC,IMF_CNT_COUNTRY_924,2015,4326.79,A
MAC,IMF_CNT_COUNTRY_924,2016,4891.35,A
MAC,IMF_CNT_COUNTRY_924,2017,5827.03,A
MAC,IMF_CNT_COUNTRY_924,2018,6342.74,A
MAC,IMF_CNT_COUNTRY_924,2019,7379.94,A
MAC,IMF_CNT_COUNTRY_924,2020,7367.26,A
MAC,IMF_CNT_COUNTRY_924,2021,8408.31,A
MAC,IMF_CNT_COUNTRY_924,2022,10524.7,A
MAC,IMF_CNT_COUNTRY_924,2023,9730.59,A
MAR,IMF_CNT_COUNTRY_924,2009,0.458009,A
MAR,IMF_CNT_COUNTRY_924,2010,0.011966200000000001,A
MAR,IMF_CNT_COUNTRY_924,2011,0.128247,A
MAR,IMF_CNT_COUNTRY_924,2012,0.557301,A
MAR,IMF_CNT_COUNTRY_924,2013,1.48455,A
MAR,IMF_CNT_COUNTRY_924,2014,2.47719,A
MAR,IMF_CNT_COUNTRY_924,2015,0.908568,A
MAR,IMF_CNT_COUNTRY_924,2016,0.445721,A
MAR,IMF_CNT_COUNTRY_924,2022,130.59,A
MAR,IMF_CNT_COUNTRY_924,2023,169.142,A
MDA,IMF_CNT_COUNTRY_924,2009,-1.5315,A
MDA,IMF_CNT_COUNTRY_924,2010,-1.42428,A
MDA,IMF_CNT_COUNTRY_924,2011,1.73127,A
MDA,IMF_CNT_COUNTRY_924,2012,1.90869,A
MDA,IMF_CNT_COUNTRY_924,2013,1.82043,A
MDA,IMF_CNT_COUNTRY_924,2014,1.36966,A
MDA,IMF_CNT_COUNTRY_924,2015,1.20564,A
MDA,IMF_CNT_COUNTRY_924,2016,1.17572,A
MDA,IMF_CNT_COUNTRY_924,2017,1.49388,A
MDA,IMF_CNT_COUNTRY_924,2018,1.37993,A
MDA,IMF_CNT_COUNTRY_924,2019,2.83889,A
MDA,IMF_CNT_COUNTRY_924,2020,2.39202,A
MDA,IMF_CNT_COUNTRY_924,2021,2.10003,A
MDA,IMF_CNT_COUNTRY_924,2022,1.57242,A
MDA,IMF_CNT_COUNTRY_924,2023,1.28797,A
MDG,IMF_CNT_COUNTRY_924,2014,6.43794,A
MDG,IMF_CNT_COUNTRY_924,2015,9.19063,A
MDG,IMF_CNT_COUNTRY_924,2016,55.1165,A
MDG,IMF_CNT_COUNTRY_924,2017,66.6769,A
MDG,IMF_CNT_COUNTRY_924,2018,66.9129,A
MEX,IMF_CNT_COUNTRY_924,2010,223.262,A
MEX,IMF_CNT_COUNTRY_924,2011,349.053,A
MEX,IMF_CNT_COUNTRY_924,2012,457.634,A
MEX,IMF_CNT_COUNTRY_924,2013,423.821,A
MEX,IMF_CNT_COUNTRY_924,2014,539.765,A
MEX,IMF_CNT_COUNTRY_924,2015,511.721,A
MEX,IMF_CNT_COUNTRY_924,2016,621.065,A
MEX,IMF_CNT_COUNTRY_924,2017,699.204,A
MEX,IMF_CNT_COUNTRY_924,2018,849.416,A
MEX,IMF_CNT_COUNTRY_924,2019,1009.03,A
MEX,IMF_CNT_COUNTRY_924,2020,897.868,A
MEX,IMF_CNT_COUNTRY_924,2021,1084.9,A
MEX,IMF_CNT_COUNTRY_924,2022,1242.91,A
MEX,IMF_CNT_COUNTRY_924,2023,1559.7,A
MKD,IMF_CNT_COUNTRY_924,2009,1.36605,A
MKD,IMF_CNT_COUNTRY_924,2010,1.34348,A
MKD,IMF_CNT_COUNTRY_924,2011,1.69578,A
MKD,IMF_CNT_COUNTRY_924,2012,1.77877,A
MKD,IMF_CNT_COUNTRY_924,2013,1.42358,A
MKD,IMF_CNT_COUNTRY_924,2014,-3.8164,A
MKD,IMF_CNT_COUNTRY_924,2015,11.1658,A
MKD,IMF_CNT_COUNTRY_924,2016,38.7349,A
MKD,IMF_CNT_COUNTRY_924,2017,132.019,A
MKD,IMF_CNT_COUNTRY_924,2018,151.881,A
MKD,IMF_CNT_COUNTRY_924,2019,177.041,A
MKD,IMF_CNT_COUNTRY_924,2020,160.099,A
MKD,IMF_CNT_COUNTRY_924,2021,141.928,A
MKD,IMF_CNT_COUNTRY_924,2022,146.067,A
MKD,IMF_CNT_COUNTRY_924,2023,106.966,A
MLI,IMF_CNT_COUNTRY_924,2011,10.6509,A
MLI,IMF_CNT_COUNTRY_924,2012,23.3239,A
MLI,IMF_CNT_COUNTRY_924,2013,24.3339,A
MLI,IMF_CNT_COUNTRY_924,2014,8.31306,A
MLI,IMF_CNT_COUNTRY_924,2015,7.84845,A
MLI,IMF_CNT_COUNTRY_924,2016,7.59902,A
MLI,IMF_CNT_COUNTRY_924,2017,0.0,A
MLI,IMF_CNT_COUNTRY_924,2018,0.0,A
MLI,IMF_CNT_COUNTRY_924,2019,0.0,A
MLT,IMF_CNT_COUNTRY_924,2009,3.6015,A
MLT,IMF_CNT_COUNTRY_924,2010,6.59816,A
MLT,IMF_CNT_COUNTRY_924,2011,11.8115,A
MLT,IMF_CNT_COUNTRY_924,2012,14.5722,A
MMR,IMF_CNT_COUNTRY_924,2015,7982.19,A
MMR,IMF_CNT_COUNTRY_924,2016,3781.59,A
MMR,IMF_CNT_COUNTRY_924,2017,4335.96,A
MMR,IMF_CNT_COUNTRY_924,2018,6928.76,A
MMR,IMF_CNT_COUNTRY_924,2019,7118.59,A
MNE,IMF_CNT_COUNTRY_924,2010,2.46898,A
MNE,IMF_CNT_COUNTRY_924,2011,5.34005,A
MNE,IMF_CNT_COUNTRY_924,2012,2.57779,A
MNE,IMF_CNT_COUNTRY_924,2013,1.97841,A
MNE,IMF_CNT_COUNTRY_924,2014,2.2541,A
MNE,IMF_CNT_COUNTRY_924,2015,4.72177,A
MNE,IMF_CNT_COUNTRY_924,2017,53.5796,A
MNE,IMF_CNT_COUNTRY_924,2018,57.7483,A
MNE,IMF_CNT_COUNTRY_924,2019,58.3848,A
MNE,IMF_CNT_COUNTRY_924,2020,66.2349,A
MNE,IMF_CNT_COUNTRY_924,2021,62.8943,A
MNE,IMF_CNT_COUNTRY_924,2022,46.2628,A
MNE,IMF_CNT_COUNTRY_924,2023,58.1084,A
MNG,IMF_CNT_COUNTRY_924,2009,26.2092,A
MNG,IMF_CNT_COUNTRY_924,2010,2446.6,A
MNG,IMF_CNT_COUNTRY_924,2011,2898.07,A
MNG,IMF_CNT_COUNTRY_924,2012,3239.22,A
MNG,IMF_CNT_COUNTRY_924,2013,3587.86,A
MNG,IMF_CNT_COUNTRY_924,2014,4001.02,A
MNG,IMF_CNT_COUNTRY_924,2015,4393.83,A
MNG,IMF_CNT_COUNTRY_924,2016,4377.66,A
MNG,IMF_CNT_COUNTRY_924,2017,4606.96,A
MNG,IMF_CNT_COUNTRY_924,2018,4916.62,A
MNG,IMF_CNT_COUNTRY_924,2019,5069.03,A
MNG,IMF_CNT_COUNTRY_924,2020,5237.72,A
MNG,IMF_CNT_COUNTRY_924,2021,5185.21,A
MNG,IMF_CNT_COUNTRY_924,2022,5326.53,A
MNG,IMF_CNT_COUNTRY_924,2023,5338.8,A
MOZ,IMF_CNT_COUNTRY_924,2010,1.53863,A
MOZ,IMF_CNT_COUNTRY_924,2011,7.73099,A
MOZ,IMF_CNT_COUNTRY_924,2012,0.0,A
MOZ,IMF_CNT_COUNTRY_924,2013,0.0,A
MOZ,IMF_CNT_COUNTRY_924,2014,43.7407,A
MOZ,IMF_CNT_COUNTRY_924,2015,70.3327,A
MOZ,IMF_CNT_COUNTRY_924,2016,122.768,A
MOZ,IMF_CNT_COUNTRY_924,2017,197.827,A
MOZ,IMF_CNT_COUNTRY_924,2018,204.022,A
MOZ,IMF_CNT_COUNTRY_924,2019,685.892,A
MOZ,IMF_CNT_COUNTRY_924,2020,922.084,A
MOZ,IMF_CNT_COUNTRY_924,2021,1052.9,A
MOZ,IMF_CNT_COUNTRY_924,2022,143.932,A
MOZ,IMF_CNT_COUNTRY_924,2023,151.916,A
MUS,IMF_CNT_COUNTRY_924,2009,48.7,A
MUS,IMF_CNT_COUNTRY_924,2010,52.3,A
MUS,IMF_CNT_COUNTRY_924,2011,16238.0,A
MUS,IMF_CNT_COUNTRY_924,2012,7913.48,A
MUS,IMF_CNT_COUNTRY_924,2013,6752.86,A
MUS,IMF_CNT_COUNTRY_924,2014,2198.74,A
MUS,IMF_CNT_COUNTRY_924,2015,1957.58,A
MUS,IMF_CNT_COUNTRY_924,2016,1856.88,A
MUS,IMF_CNT_COUNTRY_924,2017,1843.55,A
MUS,IMF_CNT_COUNTRY_924,2018,2705.75,A
MUS,IMF_CNT_COUNTRY_924,2019,2514.94,A
MUS,IMF_CNT_COUNTRY_924,2020,2930.41,A
MUS,IMF_CNT_COUNTRY_924,2021,1577.03,A
MUS,IMF_CNT_COUNTRY_924,2022,1549.34,A
MUS,IMF_CNT_COUNTRY_924,2023,2014.02,A
MYS,IMF_CNT_COUNTRY_924,2009,199.913,A
MYS,IMF_CNT_COUNTRY_924,2010,325.313,A
MYS,IMF_CNT_COUNTRY_924,2011,368.351,A
MYS,IMF_CNT_COUNTRY_924,2012,246.004,A
MYS,IMF_CNT_COUNTRY_924,2013,329.154,A
MYS,IMF_CNT_COUNTRY_924,2014,611.331,A
MYS,IMF_CNT_COUNTRY_924,2015,583.862,A
MYS,IMF_CNT_COUNTRY_924,2016,2105.56,A
MYS,IMF_CNT_COUNTRY_924,2017,4394.94,A
MYS,IMF_CNT_COUNTRY_924,2018,4251.6,A
MYS,IMF_CNT_COUNTRY_924,2019,5529.94,A
MYS,IMF_CNT_COUNTRY_924,2020,5616.19,A
MYS,IMF_CNT_COUNTRY_924,2021,6099.48,A
MYS,IMF_CNT_COUNTRY_924,2022,6684.97,A
MYS,IMF_CNT_COUNTRY_924,2023,7635.05,A
NER,IMF_CNT_COUNTRY_924,2012,430.736,A
NER,IMF_CNT_COUNTRY_924,2013,498.703,A
NER,IMF_CNT_COUNTRY_924,2014,647.824,A
NER,IMF_CNT_COUNTRY_924,2015,1737.71,A
NER,IMF_CNT_COUNTRY_924,2016,1797.94,A
NER,IMF_CNT_COUNTRY_924,2017,2492.97,A
NER,IMF_CNT_COUNTRY_924,2018,2554.65,A
NER,IMF_CNT_COUNTRY_924,2019,2677.72,A
NER,IMF_CNT_COUNTRY_924,2020,5221.12,A
NER,IMF_CNT_COUNTRY_924,2021,5484.7,A
NER,IMF_CNT_COUNTRY_924,2022,5165.09,A
NER,IMF_CNT_COUNTRY_924,2023,6091.63,A
NGA,IMF_CNT_COUNTRY_924,2009,-177.408,A
NGA,IMF_CNT_COUNTRY_924,2010,7684.91,A
NGA,IMF_CNT_COUNTRY_924,2011,13561.0,A
NGA,IMF_CNT_COUNTRY_924,2012,13367.2,A
NGA,IMF_CNT_COUNTRY_924,2013,4504.95,A
NGA,IMF_CNT_COUNTRY_924,2014,9885.41,A
NGA,IMF_CNT_COUNTRY_924,2015,3519.89,A
NGA,IMF_CNT_COUNTRY_924,2016,2105.98,A
NGA,IMF_CNT_COUNTRY_924,2017,1405.41,A
NGA,IMF_CNT_COUNTRY_924,2018,833.269,A
NGA,IMF_CNT_COUNTRY_924,2019,532.966,A
NGA,IMF_CNT_COUNTRY_924,2020,387.195,A
NGA,IMF_CNT_COUNTRY_924,2021,332.955,A
NGA,IMF_CNT_COUNTRY_924,2022,297.245,A
NLD,IMF_CNT_COUNTRY_924,2009,1471.46,A
NLD,IMF_CNT_COUNTRY_924,2010,1657.94,A
NLD,IMF_CNT_COUNTRY_924,2011,1780.19,A
NLD,IMF_CNT_COUNTRY_924,2012,3836.55,A
NLD,IMF_CNT_COUNTRY_924,2014,17347.1,A
NLD,IMF_CNT_COUNTRY_924,2015,21457.2,A
NLD,IMF_CNT_COUNTRY_924,2016,22348.0,A
NLD,IMF_CNT_COUNTRY_924,2017,30339.9,A
NLD,IMF_CNT_COUNTRY_924,2018,26195.3,A
NLD,IMF_CNT_COUNTRY_924,2019,21024.4,A
NLD,IMF_CNT_COUNTRY_924,2020,20924.5,A
NLD,IMF_CNT_COUNTRY_924,2021,13575.3,A
NLD,IMF_CNT_COUNTRY_924,2022,11840.3,A
NLD,IMF_CNT_COUNTRY_924,2023,14696.5,A
NOR,IMF_CNT_COUNTRY_924,2009,1678.2,A
NOR,IMF_CNT_COUNTRY_924,2010,1796.93,A
NOR,IMF_CNT_COUNTRY_924,2012,5389.59,A
NOR,IMF_CNT_COUNTRY_924,2013,5112.99,A
NOR,IMF_CNT_COUNTRY_924,2014,4440.65,A
NOR,IMF_CNT_COUNTRY_924,2015,813.507,A
NOR,IMF_CNT_COUNTRY_924,2016,2630.63,A
NOR,IMF_CNT_COUNTRY_924,2017,1392.57,A
NOR,IMF_CNT_COUNTRY_924,2018,792.06,A
NOR,IMF_CNT_COUNTRY_924,2019,1293.51,A
NOR,IMF_CNT_COUNTRY_924,2020,1000.23,A
NOR,IMF_CNT_COUNTRY_924,2021,1527.55,A
NOR,IMF_CNT_COUNTRY_924,2022,2091.08,A
NOR,IMF_CNT_COUNTRY_924,2023,1171.58,A
NPL,IMF_CNT_COUNTRY_924,2009,1.21709,A
NPL,IMF_CNT_COUNTRY_924,2010,1.26448,A
NPL,IMF_CNT_COUNTRY_924,2011,1.05953,A
NPL,IMF_CNT_COUNTRY_924,2012,4.19758,A
NPL,IMF_CNT_COUNTRY_924,2013,3.64853,A
NPL,IMF_CNT_COUNTRY_924,2014,4.42761,A
NPL,IMF_CNT_COUNTRY_924,2015,7.37651,A
NPL,IMF_CNT_COUNTRY_924,2016,100.408,A
NPL,IMF_CNT_COUNTRY_924,2017,166.372,A
NPL,IMF_CNT_COUNTRY_924,2018,233.074,A
NPL,IMF_CNT_COUNTRY_924,2019,243.25,A
NPL,IMF_CNT_COUNTRY_924,2020,262.849,A
NPL,IMF_CNT_COUNTRY_924,2021,271.859,A
NPL,IMF_CNT_COUNTRY_924,2022,209.402,A
NPL,IMF_CNT_COUNTRY_924,2023,267.009,A
NZL,IMF_CNT_COUNTRY_924,2012,408.918,A
NZL,IMF_CNT_COUNTRY_924,2013,237.779,A
NZL,IMF_CNT_COUNTRY_924,2014,509.684,A
NZL,IMF_CNT_COUNTRY_924,2015,497.511,A
NZL,IMF_CNT_COUNTRY_924,2016,741.537,A
NZL,IMF_CNT_COUNTRY_924,2017,898.832,A
NZL,IMF_CNT_COUNTRY_924,2018,982.331,A
NZL,IMF_CNT_COUNTRY_924,2019,945.935,A
NZL,IMF_CNT_COUNTRY_924,2020,1216.33,A
NZL,IMF_CNT_COUNTRY_924,2021,1183.99,A
NZL,IMF_CNT_COUNTRY_924,2022,924.929,A
NZL,IMF_CNT_COUNTRY_924,2023,5098.59,A
PAK,IMF_CNT_COUNTRY_924,2009,854.86,A
PAK,IMF_CNT_COUNTRY_924,2010,973.541,A
PAK,IMF_CNT_COUNTRY_924,2011,1055.1,A
PAK,IMF_CNT_COUNTRY_924,2012,1056.93,A
PAK,IMF_CNT_COUNTRY_924,2013,1182.83,A
PAK,IMF_CNT_COUNTRY_924,2014,2237.77,A
PAK,IMF_CNT_COUNTRY_924,2015,1014.79,A
PAK,IMF_CNT_COUNTRY_924,2016,1401.96,A
PAK,IMF_CNT_COUNTRY_924,2017,2689.85,A
PAK,IMF_CNT_COUNTRY_924,2018,1725.03,A
PAK,IMF_CNT_COUNTRY_924,2019,2430.21,A
PAK,IMF_CNT_COUNTRY_924,2020,2663.88,A
PAK,IMF_CNT_COUNTRY_924,2021,2942.96,A
PAK,IMF_CNT_COUNTRY_924,2022,3376.09,A
PAK,IMF_CNT_COUNTRY_924,2023,3589.36,A
PAN,IMF_CNT_COUNTRY_924,2009,21.61,A
PAN,IMF_CNT_COUNTRY_924,2010,40.33,A
PAN,IMF_CNT_COUNTRY_924,2011,19.6,A
PAN,IMF_CNT_COUNTRY_924,2012,26.2,A
PAN,IMF_CNT_COUNTRY_924,2013,53.7,A
PAN,IMF_CNT_COUNTRY_924,2014,0.0,A
PAN,IMF_CNT_COUNTRY_924,2016,233.2,A
PAN,IMF_CNT_COUNTRY_924,2017,273.6,A
PAN,IMF_CNT_COUNTRY_924,2018,0.0,A
PAN,IMF_CNT_COUNTRY_924,2019,0.0,A
PAN,IMF_CNT_COUNTRY_924,2021,0.0,A
PAN,IMF_CNT_COUNTRY_924,2022,0.0,A
PAN,IMF_CNT_COUNTRY_924,2023,0.0,A
PER,IMF_CNT_COUNTRY_924,2009,297.567,A
PER,IMF_CNT_COUNTRY_924,2010,979.506,A
PER,IMF_CNT_COUNTRY_924,2011,1627.34,A
PER,IMF_CNT_COUNTRY_924,2012,1072.69,A
PER,IMF_CNT_COUNTRY_924,2013,2460.59,A
PHL,IMF_CNT_COUNTRY_924,2009,6.11909,A
PHL,IMF_CNT_COUNTRY_924,2010,-0.247417,A
PHL,IMF_CNT_COUNTRY_924,2011,-78.5514,A
PHL,IMF_CNT_COUNTRY_924,2012,-96.015,A
PHL,IMF_CNT_COUNTRY_924,2013,131.773,A
PHL,IMF_CNT_COUNTRY_924,2014,58.0612,A
PHL,IMF_CNT_COUNTRY_924,2015,212.417,A
PHL,IMF_CNT_COUNTRY_924,2016,110.633,A
PHL,IMF_CNT_COUNTRY_924,2017,108.29,A
PHL,IMF_CNT_COUNTRY_924,2018,85.8796,A
PHL,IMF_CNT_COUNTRY_924,2019,52.946,A
PHL,IMF_CNT_COUNTRY_924,2020,69.2071,A
PHL,IMF_CNT_COUNTRY_924,2021,192.282,A
PHL,IMF_CNT_COUNTRY_924,2022,120.32,A
PHL,IMF_CNT_COUNTRY_924,2023,8.11614,A
PLW,IMF_CNT_COUNTRY_924,2014,85.9524,A
PLW,IMF_CNT_COUNTRY_924,2015,92.9063,A
PLW,IMF_CNT_COUNTRY_924,2016,96.5958,A
PLW,IMF_CNT_COUNTRY_924,2017,93.5753,A
PLW,IMF_CNT_COUNTRY_924,2018,91.348,A
PLW,IMF_CNT_COUNTRY_924,2019,101.274,A
PLW,IMF_CNT_COUNTRY_924,2020,93.7223,A
PLW,IMF_CNT_COUNTRY_924,2021,96.0519,A
POL,IMF_CNT_COUNTRY_924,2009,188.471,A
POL,IMF_CNT_COUNTRY_924,2010,303.735,A
POL,IMF_CNT_COUNTRY_924,2011,358.752,A
POL,IMF_CNT_COUNTRY_924,2012,195.509,A
POL,IMF_CNT_COUNTRY_924,2013,164.011,A
POL,IMF_CNT_COUNTRY_924,2014,105.497,A
POL,IMF_CNT_COUNTRY_924,2015,293.507,A
POL,IMF_CNT_COUNTRY_924,2016,252.195,A
POL,IMF_CNT_COUNTRY_924,2017,222.618,A
POL,IMF_CNT_COUNTRY_924,2018,459.611,A
POL,IMF_CNT_COUNTRY_924,2019,388.393,A
POL,IMF_CNT_COUNTRY_924,2020,534.27,A
POL,IMF_CNT_COUNTRY_924,2021,1127.59,A
POL,IMF_CNT_COUNTRY_924,2022,1249.03,A
POL,IMF_CNT_COUNTRY_924,2023,1232.78,A
PRT,IMF_CNT_COUNTRY_924,2009,5.45987,A
PRT,IMF_CNT_COUNTRY_924,2010,4.54308,A
PRT,IMF_CNT_COUNTRY_924,2011,4.95564,A
PRT,IMF_CNT_COUNTRY_924,2012,16.4265,A
PRT,IMF_CNT_COUNTRY_924,2013,198.673,A
PRT,IMF_CNT_COUNTRY_924,2014,1057.82,A
PRT,IMF_CNT_COUNTRY_924,2015,1356.77,A
PRT,IMF_CNT_COUNTRY_924,2016,1849.82,A
PRT,IMF_CNT_COUNTRY_924,2017,2570.23,A
PRT,IMF_CNT_COUNTRY_924,2018,2731.9,A
PRT,IMF_CNT_COUNTRY_924,2019,2802.85,A
PRT,IMF_CNT_COUNTRY_924,2020,3288.51,A
PRT,IMF_CNT_COUNTRY_924,2021,3325.57,A
PRT,IMF_CNT_COUNTRY_924,2022,3439.76,A
PRT,IMF_CNT_COUNTRY_924,2023,3988.74,A
PRY,IMF_CNT_COUNTRY_924,2009,6.24332,A
PRY,IMF_CNT_COUNTRY_924,2010,6.4041,A
PRY,IMF_CNT_COUNTRY_924,2011,6.67313,A
PRY,IMF_CNT_COUNTRY_924,2012,7.44172,A
PRY,IMF_CNT_COUNTRY_924,2013,6.93535,A
PRY,IMF_CNT_COUNTRY_924,2014,6.91619,A
PRY,IMF_CNT_COUNTRY_924,2015,7.01991,A
PRY,IMF_CNT_COUNTRY_924,2016,7.78509,A
PRY,IMF_CNT_COUNTRY_924,2017,9.04103,A
PRY,IMF_CNT_COUNTRY_924,2018,4.27412,A
PRY,IMF_CNT_COUNTRY_924,2019,5.10918,A
PRY,IMF_CNT_COUNTRY_924,2020,6.27464,A
PRY,IMF_CNT_COUNTRY_924,2021,7.41929,A
PRY,IMF_CNT_COUNTRY_924,2022,8.94241,A
PRY,IMF_CNT_COUNTRY_924,2023,8.66636,A
ROU,IMF_CNT_COUNTRY_924,2009,48.6833,A
ROU,IMF_CNT_COUNTRY_924,2010,69.0835,A
ROU,IMF_CNT_COUNTRY_924,2011,62.0747,A
ROU,IMF_CNT_COUNTRY_924,2012,93.1957,A
ROU,IMF_CNT_COUNTRY_924,2013,172.068,A
ROU,IMF_CNT_COUNTRY_924,2014,108.929,A
ROU,IMF_CNT_COUNTRY_924,2015,242.93,A
ROU,IMF_CNT_COUNTRY_924,2016,59.0942,A
ROU,IMF_CNT_COUNTRY_924,2017,89.8111,A
ROU,IMF_CNT_COUNTRY_924,2018,41.9776,A
ROU,IMF_CNT_COUNTRY_924,2019,101.812,A
ROU,IMF_CNT_COUNTRY_924,2020,279.097,A
ROU,IMF_CNT_COUNTRY_924,2021,281.053,A
ROU,IMF_CNT_COUNTRY_924,2022,328.205,A
ROU,IMF_CNT_COUNTRY_924,2023,353.641,A
RUS,IMF_CNT_COUNTRY_924,2009,1250.69,A
RUS,IMF_CNT_COUNTRY_924,2010,1987.41,A
RUS,IMF_CNT_COUNTRY_924,2011,1385.43,A
RUS,IMF_CNT_COUNTRY_924,2012,2152.0,A
RUS,IMF_CNT_COUNTRY_924,2013,4542.77,A
RUS,IMF_CNT_COUNTRY_924,2014,2758.97,A
RUS,IMF_CNT_COUNTRY_924,2015,1340.53,A
RUS,IMF_CNT_COUNTRY_924,2016,2901.62,A
RUS,IMF_CNT_COUNTRY_924,2017,3584.04,A
RUS,IMF_CNT_COUNTRY_924,2018,2660.12,A
RUS,IMF_CNT_COUNTRY_924,2019,3735.74,A
RUS,IMF_CNT_COUNTRY_924,2020,2187.52,A
RUS,IMF_CNT_COUNTRY_924,2021,3322.88,A
RWA,IMF_CNT_COUNTRY_924,2011,0.0,A
RWA,IMF_CNT_COUNTRY_924,2012,3.68952,A
RWA,IMF_CNT_COUNTRY_924,2013,0.288744,A
RWA,IMF_CNT_COUNTRY_924,2014,8.76463,A
RWA,IMF_CNT_COUNTRY_924,2015,28.5593,A
RWA,IMF_CNT_COUNTRY_924,2016,21.3873,A
RWA,IMF_CNT_COUNTRY_924,2017,28.1902,A
RWA,IMF_CNT_COUNTRY_924,2018,20.7548,A
RWA,IMF_CNT_COUNTRY_924,2019,20.9649,A
RWA,IMF_CNT_COUNTRY_924,2020,23.9655,A
RWA,IMF_CNT_COUNTRY_924,2021,57.7526,A
RWA,IMF_CNT_COUNTRY_924,2022,80.3969,A
RWA,IMF_CNT_COUNTRY_924,2023,54.7299,A
SAU,IMF_CNT_COUNTRY_924,2009,5935.47,A
SAU,IMF_CNT_COUNTRY_924,2010,9035.29,A
SEN,IMF_CNT_COUNTRY_924,2011,0.00417192,A
SEN,IMF_CNT_COUNTRY_924,2012,0.0,A
SEN,IMF_CNT_COUNTRY_924,2014,57.8401,A
SEN,IMF_CNT_COUNTRY_924,2016,59.2167,A
SEN,IMF_CNT_COUNTRY_924,2017,67.3736,A
SEN,IMF_CNT_COUNTRY_924,2018,98.4957,A
SEN,IMF_CNT_COUNTRY_924,2019,163.777,A
SEN,IMF_CNT_COUNTRY_924,2020,180.901,A
SEN,IMF_CNT_COUNTRY_924,2021,196.338,A
SEN,IMF_CNT_COUNTRY_924,2022,182.989,A
SGP,IMF_CNT_COUNTRY_924,2009,17951.5,A
SGP,IMF_CNT_COUNTRY_924,2010,23137.2,A
SGP,IMF_CNT_COUNTRY_924,2011,23672.3,A
SGP,IMF_CNT_COUNTRY_924,2012,25719.4,A
SGP,IMF_CNT_COUNTRY_924,2013,27154.0,A
SGP,IMF_CNT_COUNTRY_924,2014,29121.8,A
SGP,IMF_CNT_COUNTRY_924,2015,30454.3,A
SGP,IMF_CNT_COUNTRY_924,2016,27169.3,A
SGP,IMF_CNT_COUNTRY_924,2017,44554.0,A
SGP,IMF_CNT_COUNTRY_924,2018,47374.5,A
SGP,IMF_CNT_COUNTRY_924,2019,51939.7,A
SGP,IMF_CNT_COUNTRY_924,2020,55776.9,A
SGP,IMF_CNT_COUNTRY_924,2021,63973.2,A
SGP,IMF_CNT_COUNTRY_924,2022,75320.4,A
SGP,IMF_CNT_COUNTRY_924,2023,87112.8,A
SLV,IMF_CNT_COUNTRY_924,2012,0.0,A
SLV,IMF_CNT_COUNTRY_924,2013,0.0,A
SLV,IMF_CNT_COUNTRY_924,2014,0.0,A
SLV,IMF_CNT_COUNTRY_924,2015,0.0,A
SLV,IMF_CNT_COUNTRY_924,2016,0.0,A
SLV,IMF_CNT_COUNTRY_924,2017,0.0,A
SLV,IMF_CNT_COUNTRY_924,2020,16.8368,A
SLV,IMF_CNT_COUNTRY_924,2021,23.8704,A
SLV,IMF_CNT_COUNTRY_924,2022,16.5691,A
SLV,IMF_CNT_COUNTRY_924,2023,14.224,A
SRB,IMF_CNT_COUNTRY_924,2009,0.00552914,A
SRB,IMF_CNT_COUNTRY_924,2010,5.9,A
SRB,IMF_CNT_COUNTRY_924,2011,13.4613,A
SRB,IMF_CNT_COUNTRY_924,2012,14.4981,A
SRB,IMF_CNT_COUNTRY_924,2013,22.6915,A
SRB,IMF_CNT_COUNTRY_924,2014,51.8074,A
SRB,IMF_CNT_COUNTRY_924,2015,151.336,A
SRB,IMF_CNT_COUNTRY_924,2016,59.897,A
SRB,IMF_CNT_COUNTRY_924,2017,192.248,A
SRB,IMF_CNT_COUNTRY_924,2018,434.218,A
SRB,IMF_CNT_COUNTRY_924,2019,711.144,A
SVK,IMF_CNT_COUNTRY_924,2009,21.9317,A
SVK,IMF_CNT_COUNTRY_924,2010,49.5543,A
SVK,IMF_CNT_COUNTRY_924,2011,59.892,A
SVK,IMF_CNT_COUNTRY_924,2012,62.1437,A
SVK,IMF_CNT_COUNTRY_924,2013,34.7533,A
SVK,IMF_CNT_COUNTRY_924,2014,38.0013,A
SVK,IMF_CNT_COUNTRY_924,2015,15.0241,A
SVK,IMF_CNT_COUNTRY_924,2017,36.0715,A
SVK,IMF_CNT_COUNTRY_924,2018,25.1033,A
SVK,IMF_CNT_COUNTRY_924,2019,41.1726,A
SVK,IMF_CNT_COUNTRY_924,2020,16.2468,A
SVK,IMF_CNT_COUNTRY_924,2021,76.7209,A
SVK,IMF_CNT_COUNTRY_924,2022,88.0265,A
SVK,IMF_CNT_COUNTRY_924,2023,87.7149,A
SVN,IMF_CNT_COUNTRY_924,2009,0.796681,A
SVN,IMF_CNT_COUNTRY_924,2010,-0.584046,A
SVN,IMF_CNT_COUNTRY_924,2011,0.193043,A
SVN,IMF_CNT_COUNTRY_924,2012,-1.10404,A
SVN,IMF_CNT_COUNTRY_924,2013,-1.11707,A
SVN,IMF_CNT_COUNTRY_924,2014,0.304739,A
SVN,IMF_CNT_COUNTRY_924,2015,3.27154,A
SVN,IMF_CNT_COUNTRY_924,2016,11.7638,A
SVN,IMF_CNT_COUNTRY_924,2017,12.3828,A
SVN,IMF_CNT_COUNTRY_924,2018,4.42886,A
SVN,IMF_CNT_COUNTRY_924,2019,4.79916,A
SVN,IMF_CNT_COUNTRY_924,2020,5.24217,A
SVN,IMF_CNT_COUNTRY_924,2021,-14.1122,A
SVN,IMF_CNT_COUNTRY_924,2022,5.81084,A
SVN,IMF_CNT_COUNTRY_924,2023,16.817,A
SWE,IMF_CNT_COUNTRY_924,2015,4535.35,A
SWE,IMF_CNT_COUNTRY_924,2016,4868.8,A
SWZ,IMF_CNT_COUNTRY_924,2019,0.0,A
SWZ,IMF_CNT_COUNTRY_924,2020,0.0,A
SWZ,IMF_CNT_COUNTRY_924,2021,0.0,A
SWZ,IMF_CNT_COUNTRY_924,2022,0.0,A
SWZ,IMF_CNT_COUNTRY_924,2023,0.0,A
SYC,IMF_CNT_COUNTRY_924,2009,14.4808,A
SYC,IMF_CNT_COUNTRY_924,2010,13.8765,A
SYC,IMF_CNT_COUNTRY_924,2011,12.4076,A
SYC,IMF_CNT_COUNTRY_924,2012,16.0056,A
SYC,IMF_CNT_COUNTRY_924,2013,15.5096,A
SYC,IMF_CNT_COUNTRY_924,2014,17.343,A
SYC,IMF_CNT_COUNTRY_924,2015,15.3557,A
SYC,IMF_CNT_COUNTRY_924,2016,13.7601,A
SYC,IMF_CNT_COUNTRY_924,2017,13.4465,A
SYC,IMF_CNT_COUNTRY_924,2018,15.4855,A
SYC,IMF_CNT_COUNTRY_924,2019,13.2981,A
SYC,IMF_CNT_COUNTRY_924,2020,8.79388,A
SYC,IMF_CNT_COUNTRY_924,2021,12.6567,A
SYC,IMF_CNT_COUNTRY_924,2022,15.3999,A
SYC,IMF_CNT_COUNTRY_924,2023,18.6944,A
TGO,IMF_CNT_COUNTRY_924,2011,0.0,A
TGO,IMF_CNT_COUNTRY_924,2013,-1.06239,A
TGO,IMF_CNT_COUNTRY_924,2014,-0.276226,A
TGO,IMF_CNT_COUNTRY_924,2015,-0.220742,A
TGO,IMF_CNT_COUNTRY_924,2016,0.262833,A
TGO,IMF_CNT_COUNTRY_924,2017,0.353368,A
TGO,IMF_CNT_COUNTRY_924,2018,-0.162063,A
TGO,IMF_CNT_COUNTRY_924,2019,0.560709,A
TGO,IMF_CNT_COUNTRY_924,2020,0.612468,A
TGO,IMF_CNT_COUNTRY_924,2021,2.22556,A
TGO,IMF_CNT_COUNTRY_924,2022,3.61034,A
THA,IMF_CNT_COUNTRY_924,2009,551.491,A
THA,IMF_CNT_COUNTRY_924,2010,1328.6,A
THA,IMF_CNT_COUNTRY_924,2011,3294.34,A
THA,IMF_CNT_COUNTRY_924,2012,2599.6,A
THA,IMF_CNT_COUNTRY_924,2013,3448.19,A
THA,IMF_CNT_COUNTRY_924,2014,3294.34,A
THA,IMF_CNT_COUNTRY_924,2015,3184.24,A
THA,IMF_CNT_COUNTRY_924,2016,4499.31,A
THA,IMF_CNT_COUNTRY_924,2017,6339.81,A
THA,IMF_CNT_COUNTRY_924,2018,7509.02,A
THA,IMF_CNT_COUNTRY_924,2019,10257.2,A
THA,IMF_CNT_COUNTRY_924,2020,11178.2,A
THA,IMF_CNT_COUNTRY_924,2021,12272.8,A
THA,IMF_CNT_COUNTRY_924,2022,14201.2,A
THA,IMF_CNT_COUNTRY_924,2023,16959.1,A
TJK,IMF_CNT_COUNTRY_924,2015,967.867,A
TJK,IMF_CNT_COUNTRY_924,2016,1151.43,A
TJK,IMF_CNT_COUNTRY_924,2017,1264.43,A
TJK,IMF_CNT_COUNTRY_924,2018,1436.87,A
TJK,IMF_CNT_COUNTRY_924,2019,1460.49,A
TJK,IMF_CNT_COUNTRY_924,2020,1468.38,A
TJK,IMF_CNT_COUNTRY_924,2021,1668.18,A
TJK,IMF_CNT_COUNTRY_924,2022,1850.16,A
TJK,IMF_CNT_COUNTRY_924,2023,1698.38,A
TUR,IMF_CNT_COUNTRY_924,2009,2.0,A
TUR,IMF_CNT_COUNTRY_924,2010,2.0,A
TUR,IMF_CNT_COUNTRY_924,2011,3.0,A
TUR,IMF_CNT_COUNTRY_924,2012,2.0,A
TUR,IMF_CNT_COUNTRY_924,2013,41.0,A
TUR,IMF_CNT_COUNTRY_924,2014,55.0,A
TUR,IMF_CNT_COUNTRY_924,2015,522.0,A
TUR,IMF_CNT_COUNTRY_924,2016,407.0,A
TUR,IMF_CNT_COUNTRY_924,2017,1395.0,A
TUR,IMF_CNT_COUNTRY_924,2018,1181.0,A
TUR,IMF_CNT_COUNTRY_924,2019,1101.0,A
TUR,IMF_CNT_COUNTRY_924,2020,1071.0,A
TUR,IMF_CNT_COUNTRY_924,2021,611.0,A
TUR,IMF_CNT_COUNTRY_924,2022,936.0,A
TUR,IMF_CNT_COUNTRY_924,2023,1001.0,A
TZA,IMF_CNT_COUNTRY_924,2009,46.7,A
TZA,IMF_CNT_COUNTRY_924,2010,42.9,A
TZA,IMF_CNT_COUNTRY_924,2011,45.1,A
TZA,IMF_CNT_COUNTRY_924,2012,44.5,A
TZA,IMF_CNT_COUNTRY_924,2013,182.1,A
TZA,IMF_CNT_COUNTRY_924,2014,191.7,A
TZA,IMF_CNT_COUNTRY_924,2015,192.1,A
TZA,IMF_CNT_COUNTRY_924,2017,327.3,A
TZA,IMF_CNT_COUNTRY_924,2018,602.4,A
TZA,IMF_CNT_COUNTRY_924,2019,671.8,A
TZA,IMF_CNT_COUNTRY_924,2020,298.27,A
UGA,IMF_CNT_COUNTRY_924,2009,168.126,A
UGA,IMF_CNT_COUNTRY_924,2010,35.4988,A
UGA,IMF_CNT_COUNTRY_924,2011,11.1106,A
UGA,IMF_CNT_COUNTRY_924,2012,7.02914,A
UGA,IMF_CNT_COUNTRY_924,2013,30.8196,A
UGA,IMF_CNT_COUNTRY_924,2014,32.3934,A
UGA,IMF_CNT_COUNTRY_924,2015,36.0373,A
UGA,IMF_CNT_COUNTRY_924,2016,21.2264,A
UGA,IMF_CNT_COUNTRY_924,2017,129.626,A
UGA,IMF_CNT_COUNTRY_924,2018,263.867,A
UGA,IMF_CNT_COUNTRY_924,2019,452.476,A
UGA,IMF_CNT_COUNTRY_924,2020,421.379,A
UGA,IMF_CNT_COUNTRY_924,2021,335.012,A
UGA,IMF_CNT_COUNTRY_924,2022,177.284,A
UGA,IMF_CNT_COUNTRY_924,2023,282.033,A
UKR,IMF_CNT_COUNTRY_924,2009,9.0968,A
UKR,IMF_CNT_COUNTRY_924,2012,26.7428,A
UKR,IMF_CNT_COUNTRY_924,2013,24.9,A
UKR,IMF_CNT_COUNTRY_924,2014,34.9159,A
UKR,IMF_CNT_COUNTRY_924,2015,24.8064,A
UKR,IMF_CNT_COUNTRY_924,2016,23.7746,A
UKR,IMF_CNT_COUNTRY_924,2017,25.8913,A
UKR,IMF_CNT_COUNTRY_924,2018,23.8425,A
UKR,IMF_CNT_COUNTRY_924,2019,81.8793,A
UKR,IMF_CNT_COUNTRY_924,2020,74.3924,A
UKR,IMF_CNT_COUNTRY_924,2021,140.501,A
UKR,IMF_CNT_COUNTRY_924,2022,76.8664,A
UKR,IMF_CNT_COUNTRY_924,2023,61.3616,A
URY,IMF_CNT_COUNTRY_924,2012,75.8284,A
URY,IMF_CNT_COUNTRY_924,2013,101.981,A
URY,IMF_CNT_COUNTRY_924,2014,66.8196,A
URY,IMF_CNT_COUNTRY_924,2015,79.4153,A
URY,IMF_CNT_COUNTRY_924,2016,-6.37828,A
URY,IMF_CNT_COUNTRY_924,2017,-10.7515,A
URY,IMF_CNT_COUNTRY_924,2018,-22.4525,A
URY,IMF_CNT_COUNTRY_924,2019,-41.5688,A
URY,IMF_CNT_COUNTRY_924,2020,182.267,A
URY,IMF_CNT_COUNTRY_924,2021,1091.52,A
URY,IMF_CNT_COUNTRY_924,2022,1403.02,A
URY,IMF_CNT_COUNTRY_924,2023,1841.7,A
USA,IMF_CNT_COUNTRY_924,2009,1624.0,A
USA,IMF_CNT_COUNTRY_924,2010,3300.0,A
USA,IMF_CNT_COUNTRY_924,2011,3598.0,A
USA,IMF_CNT_COUNTRY_924,2012,7076.0,A
USA,IMF_CNT_COUNTRY_924,2013,7855.0,A
USA,IMF_CNT_COUNTRY_924,2014,10071.0,A
USA,IMF_CNT_COUNTRY_924,2015,14714.0,A
USA,IMF_CNT_COUNTRY_924,2016,31871.0,A
USA,IMF_CNT_COUNTRY_924,2017,36447.0,A
USA,IMF_CNT_COUNTRY_924,2018,35437.0,A
USA,IMF_CNT_COUNTRY_924,2019,38792.0,A
USA,IMF_CNT_COUNTRY_924,2020,36738.0,A
USA,IMF_CNT_COUNTRY_924,2021,31831.0,A
USA,IMF_CNT_COUNTRY_924,2022,29907.0,A
USA,IMF_CNT_COUNTRY_924,2023,28043.0,A
VEN,IMF_CNT_COUNTRY_924,2011,1170.0,A
VEN,IMF_CNT_COUNTRY_924,2012,1269.0,A
VEN,IMF_CNT_COUNTRY_924,2013,1635.0,A
VEN,IMF_CNT_COUNTRY_924,2014,1610.0,A
VEN,IMF_CNT_COUNTRY_924,2015,1152.0,A
VEN,IMF_CNT_COUNTRY_924,2016,784.0,A
VEN,IMF_CNT_COUNTRY_924,2017,756.0,A
WLD,IMF_CNT_COUNTRY_924,2009,390068.0,A
WLD,IMF_CNT_COUNTRY_924,2010,478091.0,A
WLD,IMF_CNT_COUNTRY_924,2011,527886.0,A
WLD,IMF_CNT_COUNTRY_924,2012,530535.0,A
WLD,IMF_CNT_COUNTRY_924,2013,497016.0,A
WLD,IMF_CNT_COUNTRY_924,2014,530307.0,A
WLD,IMF_CNT_COUNTRY_924,2015,545221.0,A
WLD,IMF_CNT_COUNTRY_924,2016,566046.0,A
WLD,IMF_CNT_COUNTRY_924,2017,680268.0,A
WLD,IMF_CNT_COUNTRY_924,2018,763241.0,A
WLD,IMF_CNT_COUNTRY_924,2019,802632.0,A
WLD,IMF_CNT_COUNTRY_924,2020,855369.0,A
WLD,IMF_CNT_COUNTRY_924,2021,908285.0,A
WLD,IMF_CNT_COUNTRY_924,2022,954428.0,A
WLD,IMF_CNT_COUNTRY_924,2023,1013540.0,A
XKX,IMF_CNT_COUNTRY_924,2010,0.0,A
XKX,IMF_CNT_COUNTRY_924,2012,0.0,A
ZAF,IMF_CNT_COUNTRY_924,2009,4666.94,A
ZAF,IMF_CNT_COUNTRY_924,2010,5709.63,A
ZAF,IMF_CNT_COUNTRY_924,2011,4369.21,A
ZAF,IMF_CNT_COUNTRY_924,2012,5076.84,A
ZAF,IMF_CNT_COUNTRY_924,2013,5617.72,A
ZAF,IMF_CNT_COUNTRY_924,2014,5210.8,A
ZAF,IMF_CNT_COUNTRY_924,2015,3712.64,A
ZAF,IMF_CNT_COUNTRY_924,2016,5677.9,A
ZAF,IMF_CNT_COUNTRY_924,2017,7301.18,A
ZAF,IMF_CNT_COUNTRY_924,2018,6280.04,A
ZAF,IMF_CNT_COUNTRY_924,2019,7089.0,A
ZAF,IMF_CNT_COUNTRY_924,2020,6732.08,A
ZAF,IMF_CNT_COUNTRY_924,2021,6468.05,A
ZAF,IMF_CNT_COUNTRY_924,2022,5929.9,A
ZAF,IMF_CNT_COUNTRY_924,2023,5659.85,A
ZMB,IMF_CNT_COUNTRY_924,2009,595.5,A
ZMB,IMF_CNT_COUNTRY_924,2010,552.3,A
ZMB,IMF_CNT_COUNTRY_924,2011,1058.34,A
ZMB,IMF_CNT_COUNTRY_924,2012,1137.9,A
ZMB,IMF_CNT_COUNTRY_924,2013,1304.7,A
ZMB,IMF_CNT_COUNTRY_924,2014,2192.6,A
ZMB,IMF_CNT_COUNTRY_924,2015,2244.34,A
ZMB,IMF_CNT_COUNTRY_924,2016,1964.15,A
ZMB,IMF_CNT_COUNTRY_924,2017,3284.75,A
ZMB,IMF_CNT_COUNTRY_924,2018,3353.15,A
ZMB,IMF_CNT_COUNTRY_924,2019,2917.19,A
ZMB,IMF_CNT_COUNTRY_924,2020,1648.16,A
ZMB,IMF_CNT_COUNTRY_924,2021,2134.62,A
ZMB,IMF_CNT_COUNTRY_924,2022,2187.9,A
ZMB,IMF_CNT_COUNTRY_924,2023,1866.14,A
